[{"model": "admin.logentry", "pk": 1, "fields": {"action_time": "2021-04-06T09:07:11.553Z", "user": 1, "content_type": 4, "object_id": "2", "object_repr": "babur", "action_flag": 1, "change_message": "[{\"added\": {}}]"}}, {"model": "admin.logentry", "pk": 2, "fields": {"action_time": "2021-04-06T09:07:59.656Z", "user": 1, "content_type": 4, "object_id": "2", "object_repr": "babur", "action_flag": 2, "change_message": "[{\"changed\": {\"fields\": [\"Staff status\", \"User permissions\"]}}]"}}, {"model": "admin.logentry", "pk": 3, "fields": {"action_time": "2021-04-06T18:12:38.106Z", "user": 2, "content_type": 8, "object_id": "1", "object_repr": "Юнусов Мадияр Бахтиярович", "action_flag": 1, "change_message": "[{\"added\": {}}]"}}, {"model": "admin.logentry", "pk": 4, "fields": {"action_time": "2021-04-06T18:18:20.429Z", "user": 2, "content_type": 8, "object_id": "2", "object_repr": "Ибрагимова Гульнара Жумашевна", "action_flag": 1, "change_message": "[{\"added\": {}}]"}}, {"model": "admin.logentry", "pk": 5, "fields": {"action_time": "2021-04-06T18:22:54.530Z", "user": 2, "content_type": 8, "object_id": "3", "object_repr": "Байсеитов Ерлан Умбетбаевич", "action_flag": 1, "change_message": "[{\"added\": {}}]"}}, {"model": "admin.logentry", "pk": 6, "fields": {"action_time": "2021-04-06T18:25:26.120Z", "user": 2, "content_type": 8, "object_id": "4", "object_repr": "Ибраева Людмила Махатовна", "action_flag": 1, "change_message": "[{\"added\": {}}]"}}, {"model": "admin.logentry", "pk": 7, "fields": {"action_time": "2021-04-06T18:25:57.028Z", "user": 2, "content_type": 8, "object_id": "3", "object_repr": "Байсеитов Ерлан Умбетбаевич", "action_flag": 2, "change_message": "[]"}}, {"model": "admin.logentry", "pk": 8, "fields": {"action_time": "2021-04-06T18:28:15.578Z", "user": 2, "content_type": 8, "object_id": "5", "object_repr": "Шек Анастасия Станиславовна", "action_flag": 1, "change_message": "[{\"added\": {}}]"}}, {"model": "admin.logentry", "pk": 9, "fields": {"action_time": "2021-04-06T18:28:22.862Z", "user": 2, "content_type": 8, "object_id": "4", "object_repr": "Ибраева Людмила Махатовна", "action_flag": 2, "change_message": "[{\"changed\": {\"fields\": [\"\\u0412\\u043e\\u0437\\u0440\\u0430\\u0441\\u0442\"]}}]"}}, {"model": "admin.logentry", "pk": 10, "fields": {"action_time": "2021-04-06T18:28:29.736Z", "user": 2, "content_type": 8, "object_id": "3", "object_repr": "Байсеитов Ерлан Умбетбаевич", "action_flag": 2, "change_message": "[{\"changed\": {\"fields\": [\"\\u0412\\u043e\\u0437\\u0440\\u0430\\u0441\\u0442\"]}}]"}}, {"model": "admin.logentry", "pk": 11, "fields": {"action_time": "2021-04-06T18:28:35.938Z", "user": 2, "content_type": 8, "object_id": "2", "object_repr": "Ибрагимова Гульнара Жумашевна", "action_flag": 2, "change_message": "[{\"changed\": {\"fields\": [\"\\u0412\\u043e\\u0437\\u0440\\u0430\\u0441\\u0442\"]}}]"}}, {"model": "admin.logentry", "pk": 12, "fields": {"action_time": "2021-04-06T18:28:42.935Z", "user": 2, "content_type": 8, "object_id": "1", "object_repr": "Юнусов Мадияр Бахтиярович", "action_flag": 2, "change_message": "[{\"changed\": {\"fields\": [\"\\u0412\\u043e\\u0437\\u0440\\u0430\\u0441\\u0442\"]}}]"}}, {"model": "admin.logentry", "pk": 13, "fields": {"action_time": "2021-04-06T18:33:29.642Z", "user": 2, "content_type": 8, "object_id": "6", "object_repr": "Ибрагимова Гульзираш Муратбековна", "action_flag": 1, "change_message": "[{\"added\": {}}]"}}, {"model": "admin.logentry", "pk": 14, "fields": {"action_time": "2021-04-06T18:36:14.509Z", "user": 2, "content_type": 8, "object_id": "7", "object_repr": "Маманазаров Бахрам Хашимназарович", "action_flag": 1, "change_message": "[{\"added\": {}}]"}}, {"model": "admin.logentry", "pk": 15, "fields": {"action_time": "2021-04-06T18:43:50.464Z", "user": 2, "content_type": 8, "object_id": "8", "object_repr": "Мамедов Рихсибай Абдурахманович", "action_flag": 1, "change_message": "[{\"added\": {}}]"}}, {"model": "admin.logentry", "pk": 16, "fields": {"action_time": "2021-04-06T18:47:44.100Z", "user": 2, "content_type": 8, "object_id": "9", "object_repr": "Абдужаппаров Фахриддин Мухтарович", "action_flag": 1, "change_message": "[{\"added\": {}}]"}}, {"model": "admin.logentry", "pk": 17, "fields": {"action_time": "2021-04-06T18:48:11.092Z", "user": 2, "content_type": 8, "object_id": "6", "object_repr": "Ибрагимова Гульзираш Муратбековна", "action_flag": 2, "change_message": "[{\"changed\": {\"fields\": [\"\\u0424\\u0438\\u043b\\u0442\\u0440\\u0430\\u0446\\u0438\\u044f\"]}}]"}}, {"model": "admin.logentry", "pk": 18, "fields": {"action_time": "2021-04-06T18:48:47.798Z", "user": 2, "content_type": 8, "object_id": "5", "object_repr": "Шек Анастасия Станиславовна", "action_flag": 2, "change_message": "[{\"changed\": {\"fields\": [\"\\u0424\\u0438\\u043b\\u0442\\u0440\\u0430\\u0446\\u0438\\u044f\"]}}]"}}, {"model": "admin.logentry", "pk": 19, "fields": {"action_time": "2021-04-06T18:48:54.716Z", "user": 2, "content_type": 8, "object_id": "1", "object_repr": "Юнусов Мадияр Бахтиярович", "action_flag": 2, "change_message": "[{\"changed\": {\"fields\": [\"\\u0424\\u0438\\u043b\\u0442\\u0440\\u0430\\u0446\\u0438\\u044f\"]}}]"}}, {"model": "admin.logentry", "pk": 20, "fields": {"action_time": "2021-04-06T18:49:29.292Z", "user": 2, "content_type": 8, "object_id": "1", "object_repr": "Юнусов Мадияр Бахтиярович", "action_flag": 2, "change_message": "[{\"changed\": {\"fields\": [\"\\u0424\\u0438\\u043b\\u0442\\u0440\\u0430\\u0446\\u0438\\u044f\"]}}]"}}, {"model": "admin.logentry", "pk": 21, "fields": {"action_time": "2021-04-06T18:49:37.936Z", "user": 2, "content_type": 8, "object_id": "5", "object_repr": "Шек Анастасия Станиславовна", "action_flag": 2, "change_message": "[{\"changed\": {\"fields\": [\"\\u0424\\u0438\\u043b\\u0442\\u0440\\u0430\\u0446\\u0438\\u044f\"]}}]"}}, {"model": "admin.logentry", "pk": 22, "fields": {"action_time": "2021-04-06T18:55:04.161Z", "user": 2, "content_type": 8, "object_id": "10", "object_repr": "Турдиниязова Гавхар Сабиржановна", "action_flag": 1, "change_message": "[{\"added\": {}}]"}}, {"model": "admin.logentry", "pk": 23, "fields": {"action_time": "2021-04-06T18:58:15.542Z", "user": 2, "content_type": 8, "object_id": "11", "object_repr": "Хакимова Галяш Сеитовна", "action_flag": 1, "change_message": "[{\"added\": {}}]"}}, {"model": "admin.logentry", "pk": 24, "fields": {"action_time": "2021-04-07T15:16:17.041Z", "user": 2, "content_type": 7, "object_id": "1", "object_repr": "Алметова Сивара Хамиджановна", "action_flag": 1, "change_message": "[{\"added\": {}}]"}}, {"model": "admin.logentry", "pk": 25, "fields": {"action_time": "2021-04-07T15:19:58.039Z", "user": 2, "content_type": 7, "object_id": "2", "object_repr": "Бимуханова Лайла Шаяхметовна", "action_flag": 1, "change_message": "[{\"added\": {}}]"}}, {"model": "admin.logentry", "pk": 26, "fields": {"action_time": "2021-04-07T15:23:23.074Z", "user": 2, "content_type": 7, "object_id": "3", "object_repr": "Сатыбалдиев Атабек Юлдашевич", "action_flag": 1, "change_message": "[{\"added\": {}}]"}}, {"model": "admin.logentry", "pk": 27, "fields": {"action_time": "2021-04-07T15:27:56.393Z", "user": 2, "content_type": 7, "object_id": "4", "object_repr": "Байжанов Ислам Рашидұлы", "action_flag": 1, "change_message": "[{\"added\": {}}]"}}, {"model": "admin.logentry", "pk": 28, "fields": {"action_time": "2021-04-07T15:37:44.569Z", "user": 2, "content_type": 7, "object_id": "5", "object_repr": "Абдрахманова Айгерим Бегдиллаевна", "action_flag": 1, "change_message": "[{\"added\": {}}]"}}, {"model": "admin.logentry", "pk": 29, "fields": {"action_time": "2021-04-07T15:40:32.228Z", "user": 2, "content_type": 7, "object_id": "6", "object_repr": "Алипбаева Жансая Адихановна", "action_flag": 1, "change_message": "[{\"added\": {}}]"}}, {"model": "admin.logentry", "pk": 30, "fields": {"action_time": "2021-04-07T15:43:36.879Z", "user": 2, "content_type": 7, "object_id": "7", "object_repr": "Атабаев Жавохир Ғайратович", "action_flag": 1, "change_message": "[{\"added\": {}}]"}}, {"model": "admin.logentry", "pk": 31, "fields": {"action_time": "2021-04-07T15:47:02.344Z", "user": 2, "content_type": 7, "object_id": "8", "object_repr": "Баймаханова Динара Бахытовна", "action_flag": 1, "change_message": "[{\"added\": {}}]"}}, {"model": "admin.logentry", "pk": 32, "fields": {"action_time": "2021-04-07T15:50:35.225Z", "user": 2, "content_type": 7, "object_id": "9", "object_repr": "Беймишева Ләззат Оңалбайқызы", "action_flag": 1, "change_message": "[{\"added\": {}}]"}}, {"model": "admin.logentry", "pk": 33, "fields": {"action_time": "2021-04-07T16:03:41.751Z", "user": 2, "content_type": 7, "object_id": "10", "object_repr": "Жамалбекова Қалдықыз Жүнісәліқызы", "action_flag": 1, "change_message": "[{\"added\": {}}]"}}, {"model": "admin.logentry", "pk": 34, "fields": {"action_time": "2021-04-07T16:07:15.632Z", "user": 2, "content_type": 7, "object_id": "11", "object_repr": "Искакова Ботагоз Мырзабаевна", "action_flag": 1, "change_message": "[{\"added\": {}}]"}}, {"model": "admin.logentry", "pk": 35, "fields": {"action_time": "2021-04-07T16:28:50.918Z", "user": 2, "content_type": 7, "object_id": "12", "object_repr": "Кадиров Абдуразак Абулазизович", "action_flag": 1, "change_message": "[{\"added\": {}}]"}}, {"model": "admin.logentry", "pk": 36, "fields": {"action_time": "2021-04-07T16:31:30.834Z", "user": 2, "content_type": 7, "object_id": "13", "object_repr": "Кадырова Фатима Мэлсхановна", "action_flag": 1, "change_message": "[{\"added\": {}}]"}}, {"model": "admin.logentry", "pk": 37, "fields": {"action_time": "2021-04-07T16:33:47.113Z", "user": 2, "content_type": 7, "object_id": "14", "object_repr": "Кенже Ұлжалғас Ауезқызы", "action_flag": 1, "change_message": "[{\"added\": {}}]"}}, {"model": "admin.logentry", "pk": 38, "fields": {"action_time": "2021-04-07T16:36:29.365Z", "user": 2, "content_type": 7, "object_id": "15", "object_repr": "Мажитов Шахмурад Бердимурадович", "action_flag": 1, "change_message": "[{\"added\": {}}]"}}, {"model": "admin.logentry", "pk": 39, "fields": {"action_time": "2021-04-07T16:37:43.542Z", "user": 2, "content_type": 7, "object_id": "6", "object_repr": "Alipbaeva Zhansaya Adikhanovna", "action_flag": 2, "change_message": "[{\"changed\": {\"fields\": [\"\\u0418\\u043c\\u044f [en]\"]}}]"}}, {"model": "admin.logentry", "pk": 40, "fields": {"action_time": "2021-04-07T16:43:10.283Z", "user": 2, "content_type": 7, "object_id": "16", "object_repr": "Матен Гулайша Жақыпқызы", "action_flag": 1, "change_message": "[{\"added\": {}}]"}}, {"model": "admin.logentry", "pk": 41, "fields": {"action_time": "2021-04-07T16:46:30.242Z", "user": 2, "content_type": 7, "object_id": "17", "object_repr": "Мырзабаева Нұрлы Анламасқызы", "action_flag": 1, "change_message": "[{\"added\": {}}]"}}, {"model": "admin.logentry", "pk": 42, "fields": {"action_time": "2021-04-07T16:47:29.686Z", "user": 2, "content_type": 7, "object_id": "18", "object_repr": "Орынтаева Рахима Аширбековна", "action_flag": 1, "change_message": "[{\"added\": {}}]"}}, {"model": "admin.logentry", "pk": 43, "fields": {"action_time": "2021-04-07T16:50:55.205Z", "user": 2, "content_type": 7, "object_id": "19", "object_repr": "Оспанова Гүлназ Қанатбекқызы", "action_flag": 1, "change_message": "[{\"added\": {}}]"}}, {"model": "admin.logentry", "pk": 44, "fields": {"action_time": "2021-04-07T16:53:26.454Z", "user": 2, "content_type": 7, "object_id": "20", "object_repr": "Өтегенова Лаура Амандосқызы", "action_flag": 1, "change_message": "[{\"added\": {}}]"}}, {"model": "admin.logentry", "pk": 45, "fields": {"action_time": "2021-04-07T16:54:40.829Z", "user": 2, "content_type": 7, "object_id": "17", "object_repr": "Мырзабаева Нұрлы Анламасқызы", "action_flag": 2, "change_message": "[{\"changed\": {\"fields\": [\"\\u0414\\u043e\\u043b\\u0436\\u043d\\u043e\\u0441\\u0442\\u044c [ru]\"]}}]"}}, {"model": "admin.logentry", "pk": 46, "fields": {"action_time": "2021-04-07T16:57:06.570Z", "user": 2, "content_type": 7, "object_id": "21", "object_repr": "Паридинова Айдана Бибосынқызы", "action_flag": 1, "change_message": "[{\"added\": {}}]"}}, {"model": "admin.logentry", "pk": 47, "fields": {"action_time": "2021-04-07T16:59:23.298Z", "user": 2, "content_type": 7, "object_id": "22", "object_repr": "Рахматуллаев Абдузаир Исахулжаугли", "action_flag": 1, "change_message": "[{\"added\": {}}]"}}, {"model": "admin.logentry", "pk": 48, "fields": {"action_time": "2021-04-07T17:02:11.635Z", "user": 2, "content_type": 7, "object_id": "23", "object_repr": "Сауранбаева Сарсенкул Рысбаевна", "action_flag": 1, "change_message": "[{\"added\": {}}]"}}, {"model": "admin.logentry", "pk": 49, "fields": {"action_time": "2021-04-08T11:42:32.721Z", "user": 2, "content_type": 8, "object_id": "4", "object_repr": "Ибраева Людмила Махатовна", "action_flag": 2, "change_message": "[{\"changed\": {\"fields\": [\"\\u0412\\u0430\\u0436\\u043d\\u043e\\u0441\\u0442\\u044c\"]}}]"}}, {"model": "admin.logentry", "pk": 50, "fields": {"action_time": "2021-04-08T11:42:38.042Z", "user": 2, "content_type": 8, "object_id": "3", "object_repr": "Байсеитов Ерлан Умбетбаевич", "action_flag": 2, "change_message": "[]"}}, {"model": "admin.logentry", "pk": 51, "fields": {"action_time": "2021-04-08T15:45:57.989Z", "user": 2, "content_type": 7, "object_id": "24", "object_repr": "Сауранбаева Сарсенкул Рысбаевна", "action_flag": 1, "change_message": "[{\"added\": {}}]"}}, {"model": "admin.logentry", "pk": 52, "fields": {"action_time": "2021-04-08T15:51:10.654Z", "user": 2, "content_type": 7, "object_id": "25", "object_repr": "Сафарбаев Артыкжан Батырханович", "action_flag": 1, "change_message": "[{\"added\": {}}]"}}, {"model": "admin.logentry", "pk": 53, "fields": {"action_time": "2021-04-08T15:51:16.505Z", "user": 2, "content_type": 7, "object_id": "25", "object_repr": "Сафарбаев Артыкжан Батырханович", "action_flag": 2, "change_message": "[]"}}, {"model": "admin.logentry", "pk": 54, "fields": {"action_time": "2021-04-08T15:53:40.505Z", "user": 2, "content_type": 7, "object_id": "26", "object_repr": "Тлеубаева Жанар Мамыровна", "action_flag": 1, "change_message": "[{\"added\": {}}]"}}, {"model": "admin.logentry", "pk": 55, "fields": {"action_time": "2021-04-08T15:57:42.335Z", "user": 2, "content_type": 7, "object_id": "27", "object_repr": "Хусанова Райхан", "action_flag": 1, "change_message": "[{\"added\": {}}]"}}, {"model": "admin.logentry", "pk": 56, "fields": {"action_time": "2021-04-08T16:00:23.070Z", "user": 2, "content_type": 7, "object_id": "28", "object_repr": "Нұрмаханова Ақтолқын Жантөреқызы", "action_flag": 1, "change_message": "[{\"added\": {}}]"}}, {"model": "admin.logentry", "pk": 57, "fields": {"action_time": "2021-04-08T16:01:18.172Z", "user": 2, "content_type": 7, "object_id": "29", "object_repr": "Рүстем Амина Жумантаевна", "action_flag": 1, "change_message": "[{\"added\": {}}]"}}, {"model": "admin.logentry", "pk": 58, "fields": {"action_time": "2021-04-08T16:03:02.522Z", "user": 2, "content_type": 7, "object_id": "30", "object_repr": "Ирисматова Турсуной Махсуджановна", "action_flag": 1, "change_message": "[{\"added\": {}}]"}}, {"model": "admin.logentry", "pk": 59, "fields": {"action_time": "2021-04-08T16:05:14.473Z", "user": 2, "content_type": 8, "object_id": "8", "object_repr": "Мамедов Рихсибай Абдурахманович", "action_flag": 2, "change_message": "[{\"changed\": {\"fields\": [\"\\u0424\\u0438\\u043b\\u0442\\u0440\\u0430\\u0446\\u0438\\u044f\"]}}]"}}, {"model": "admin.logentry", "pk": 60, "fields": {"action_time": "2021-04-08T16:05:35.481Z", "user": 2, "content_type": 8, "object_id": "4", "object_repr": "Ибраева Людмила Махатовна", "action_flag": 2, "change_message": "[{\"changed\": {\"fields\": [\"\\u0424\\u0438\\u043b\\u0442\\u0440\\u0430\\u0446\\u0438\\u044f\"]}}]"}}, {"model": "admin.logentry", "pk": 61, "fields": {"action_time": "2021-04-08T16:11:28.731Z", "user": 2, "content_type": 8, "object_id": "12", "object_repr": "Нуриддинов Рахмонбек Мухиддинұлы", "action_flag": 1, "change_message": "[{\"added\": {}}]"}}, {"model": "admin.logentry", "pk": 62, "fields": {"action_time": "2021-04-08T16:15:01.404Z", "user": 2, "content_type": 8, "object_id": "13", "object_repr": "Кулабдуллаева Махмуда", "action_flag": 1, "change_message": "[{\"added\": {}}]"}}, {"model": "admin.logentry", "pk": 63, "fields": {"action_time": "2021-04-08T16:24:56.925Z", "user": 2, "content_type": 8, "object_id": "14", "object_repr": "Мәлік Жанерке Ерланқызы", "action_flag": 1, "change_message": "[{\"added\": {}}]"}}, {"model": "admin.logentry", "pk": 64, "fields": {"action_time": "2021-04-08T16:27:25.025Z", "user": 2, "content_type": 8, "object_id": "15", "object_repr": "Разаков Алишер Шадикаримович", "action_flag": 1, "change_message": "[{\"added\": {}}]"}}, {"model": "admin.logentry", "pk": 65, "fields": {"action_time": "2021-04-08T16:29:40.067Z", "user": 2, "content_type": 8, "object_id": "16", "object_repr": "Сауырбаева Гаухар Алтыбаевна", "action_flag": 1, "change_message": "[{\"added\": {}}]"}}, {"model": "admin.logentry", "pk": 66, "fields": {"action_time": "2021-04-14T04:46:00.536Z", "user": 1, "content_type": 10, "object_id": "1", "object_repr": "Новости", "action_flag": 1, "change_message": "[{\"added\": {}}]"}}, {"model": "admin.logentry", "pk": 67, "fields": {"action_time": "2021-04-14T04:47:18.931Z", "user": 1, "content_type": 10, "object_id": "2", "object_repr": "Объявление", "action_flag": 1, "change_message": "[{\"added\": {}}]"}}, {"model": "admin.logentry", "pk": 68, "fields": {"action_time": "2021-04-14T04:48:48.572Z", "user": 1, "content_type": 11, "object_id": "1", "object_repr": "Сегодня открылся сайт", "action_flag": 1, "change_message": "[{\"added\": {}}]"}}, {"model": "admin.logentry", "pk": 69, "fields": {"action_time": "2021-04-15T07:36:04.655Z", "user": 2, "content_type": 8, "object_id": "2", "object_repr": "Ибрагимова Гульнара Жумашевна", "action_flag": 2, "change_message": "[{\"changed\": {\"fields\": [\"\\u041e\\u043f\\u0438\\u0441\\u0430\\u043d\\u0438\\u0435 [kk]\"]}}]"}}, {"model": "admin.logentry", "pk": 70, "fields": {"action_time": "2021-04-15T07:37:18.398Z", "user": 2, "content_type": 8, "object_id": "2", "object_repr": "Ибрагимова Гульнара Жумашевна", "action_flag": 2, "change_message": "[]"}}, {"model": "admin.logentry", "pk": 71, "fields": {"action_time": "2021-04-15T07:38:49.036Z", "user": 2, "content_type": 8, "object_id": "2", "object_repr": "Ибрагимова Гульнара Жумашевна", "action_flag": 2, "change_message": "[]"}}, {"model": "admin.logentry", "pk": 72, "fields": {"action_time": "2021-04-15T12:23:41.640Z", "user": 1, "content_type": 8, "object_id": "2", "object_repr": "Ибрагимова Гульнара Жумашевна", "action_flag": 2, "change_message": "[{\"changed\": {\"fields\": [\"\\u041e\\u043f\\u0438\\u0441\\u0430\\u043d\\u0438\\u0435 [ru]\", \"\\u041e\\u043f\\u0438\\u0441\\u0430\\u043d\\u0438\\u0435 [en]\", \"\\u041e\\u043f\\u0438\\u0441\\u0430\\u043d\\u0438\\u0435 [kk]\"]}}]"}}, {"model": "admin.logentry", "pk": 73, "fields": {"action_time": "2021-04-19T04:34:52.739Z", "user": 2, "content_type": 8, "object_id": "3", "object_repr": "Байсеитов Ерлан Умбетбаевич", "action_flag": 2, "change_message": "[{\"changed\": {\"fields\": [\"\\u041e\\u043f\\u0438\\u0441\\u0430\\u043d\\u0438\\u0435 [ru]\", \"\\u041e\\u043f\\u0438\\u0441\\u0430\\u043d\\u0438\\u0435 [en]\", \"\\u041e\\u043f\\u0438\\u0441\\u0430\\u043d\\u0438\\u0435 [kk]\"]}}]"}}, {"model": "admin.logentry", "pk": 74, "fields": {"action_time": "2021-04-19T04:36:15.791Z", "user": 2, "content_type": 8, "object_id": "3", "object_repr": "Байсеитов Ерлан Умбетбаевич", "action_flag": 2, "change_message": "[]"}}, {"model": "admin.logentry", "pk": 75, "fields": {"action_time": "2021-04-19T04:36:37.919Z", "user": 2, "content_type": 8, "object_id": "3", "object_repr": "Байсеитов Ерлан Умбетбаевич", "action_flag": 2, "change_message": "[]"}}, {"model": "admin.logentry", "pk": 76, "fields": {"action_time": "2021-04-19T04:37:56.825Z", "user": 2, "content_type": 8, "object_id": "8", "object_repr": "Мамедов Рихсибай Абдурахманович", "action_flag": 2, "change_message": "[{\"changed\": {\"fields\": [\"\\u0414\\u043e\\u043b\\u0436\\u043d\\u043e\\u0441\\u0442\\u044c [ru]\", \"\\u0414\\u043e\\u043b\\u0436\\u043d\\u043e\\u0441\\u0442\\u044c [en]\", \"\\u0414\\u043e\\u043b\\u0436\\u043d\\u043e\\u0441\\u0442\\u044c [kk]\", \"\\u041e\\u043f\\u0438\\u0441\\u0430\\u043d\\u0438\\u0435 [ru]\", \"\\u041e\\u043f\\u0438\\u0441\\u0430\\u043d\\u0438\\u0435 [en]\", \"\\u041e\\u043f\\u0438\\u0441\\u0430\\u043d\\u0438\\u0435 [kk]\", \"\\u0424\\u0438\\u043b\\u0442\\u0440\\u0430\\u0446\\u0438\\u044f\"]}}]"}}, {"model": "admin.logentry", "pk": 77, "fields": {"action_time": "2021-04-19T04:38:43.453Z", "user": 2, "content_type": 8, "object_id": "8", "object_repr": "Мамедов Рихсибай Абдурахманович", "action_flag": 2, "change_message": "[{\"changed\": {\"fields\": [\"\\u0412\\u0430\\u0436\\u043d\\u043e\\u0441\\u0442\\u044c\"]}}]"}}, {"model": "admin.logentry", "pk": 78, "fields": {"action_time": "2021-04-19T04:38:50.138Z", "user": 2, "content_type": 8, "object_id": "3", "object_repr": "Байсеитов Ерлан Умбетбаевич", "action_flag": 2, "change_message": "[{\"changed\": {\"fields\": [\"\\u0412\\u0430\\u0436\\u043d\\u043e\\u0441\\u0442\\u044c\"]}}]"}}, {"model": "admin.logentry", "pk": 79, "fields": {"action_time": "2021-04-19T04:39:39.518Z", "user": 2, "content_type": 8, "object_id": "8", "object_repr": "Мамедов Рихсибай Абдурахманович", "action_flag": 2, "change_message": "[{\"changed\": {\"fields\": [\"\\u0424\\u043e\\u0442\\u043e\"]}}]"}}, {"model": "admin.logentry", "pk": 80, "fields": {"action_time": "2021-04-19T04:42:04.103Z", "user": 2, "content_type": 8, "object_id": "8", "object_repr": "Мамедов Рихсибай Абдурахманович", "action_flag": 2, "change_message": "[{\"changed\": {\"fields\": [\"\\u0424\\u043e\\u0442\\u043e\"]}}]"}}, {"model": "admin.logentry", "pk": 81, "fields": {"action_time": "2021-04-19T04:43:15.243Z", "user": 2, "content_type": 8, "object_id": "3", "object_repr": "Байсеитов Ерлан Умбетбаевич", "action_flag": 2, "change_message": "[]"}}, {"model": "admin.logentry", "pk": 82, "fields": {"action_time": "2021-04-19T04:45:44.986Z", "user": 2, "content_type": 8, "object_id": "2", "object_repr": "Ибрагимова Гульнара Жумашевна", "action_flag": 2, "change_message": "[]"}}, {"model": "admin.logentry", "pk": 83, "fields": {"action_time": "2021-04-19T04:47:02.865Z", "user": 2, "content_type": 8, "object_id": "9", "object_repr": "Абдужаппаров Фахриддин Мухтарович", "action_flag": 2, "change_message": "[{\"changed\": {\"fields\": [\"\\u041e\\u043f\\u0438\\u0441\\u0430\\u043d\\u0438\\u0435 [ru]\", \"\\u041e\\u043f\\u0438\\u0441\\u0430\\u043d\\u0438\\u0435 [en]\", \"\\u041e\\u043f\\u0438\\u0441\\u0430\\u043d\\u0438\\u0435 [kk]\"]}}]"}}, {"model": "admin.logentry", "pk": 84, "fields": {"action_time": "2021-04-19T04:47:46.773Z", "user": 2, "content_type": 8, "object_id": "4", "object_repr": "Ибраева Людмила Махатовна", "action_flag": 2, "change_message": "[{\"changed\": {\"fields\": [\"\\u041e\\u043f\\u0438\\u0441\\u0430\\u043d\\u0438\\u0435 [ru]\", \"\\u041e\\u043f\\u0438\\u0441\\u0430\\u043d\\u0438\\u0435 [en]\", \"\\u041e\\u043f\\u0438\\u0441\\u0430\\u043d\\u0438\\u0435 [kk]\"]}}]"}}, {"model": "admin.logentry", "pk": 85, "fields": {"action_time": "2021-04-19T04:49:01.408Z", "user": 2, "content_type": 8, "object_id": "15", "object_repr": "Разаков Алишер Шадикаримович", "action_flag": 2, "change_message": "[{\"changed\": {\"fields\": [\"\\u041e\\u043f\\u0438\\u0441\\u0430\\u043d\\u0438\\u0435 [ru]\", \"\\u041e\\u043f\\u0438\\u0441\\u0430\\u043d\\u0438\\u0435 [en]\", \"\\u041e\\u043f\\u0438\\u0441\\u0430\\u043d\\u0438\\u0435 [kk]\"]}}]"}}, {"model": "admin.logentry", "pk": 86, "fields": {"action_time": "2021-04-19T04:50:45.009Z", "user": 2, "content_type": 8, "object_id": "10", "object_repr": "Турдиниязова Гавхар Сабиржановна", "action_flag": 2, "change_message": "[{\"changed\": {\"fields\": [\"\\u041e\\u043f\\u0438\\u0441\\u0430\\u043d\\u0438\\u0435 [ru]\", \"\\u041e\\u043f\\u0438\\u0441\\u0430\\u043d\\u0438\\u0435 [en]\", \"\\u041e\\u043f\\u0438\\u0441\\u0430\\u043d\\u0438\\u0435 [kk]\"]}}]"}}, {"model": "admin.logentry", "pk": 87, "fields": {"action_time": "2021-04-19T04:51:26.235Z", "user": 2, "content_type": 8, "object_id": "10", "object_repr": "Турдиниязова Гавхар Сабиржановна", "action_flag": 2, "change_message": "[{\"changed\": {\"fields\": [\"\\u0414\\u043e\\u043b\\u0436\\u043d\\u043e\\u0441\\u0442\\u044c [ru]\", \"\\u0414\\u043e\\u043b\\u0436\\u043d\\u043e\\u0441\\u0442\\u044c [kk]\"]}}]"}}, {"model": "admin.logentry", "pk": 88, "fields": {"action_time": "2021-04-19T04:52:45.856Z", "user": 2, "content_type": 8, "object_id": "6", "object_repr": "Ибрагимова Гульзираш Муратбековна", "action_flag": 2, "change_message": "[{\"changed\": {\"fields\": [\"\\u041e\\u043f\\u0438\\u0441\\u0430\\u043d\\u0438\\u0435 [ru]\", \"\\u041e\\u043f\\u0438\\u0441\\u0430\\u043d\\u0438\\u0435 [en]\", \"\\u041e\\u043f\\u0438\\u0441\\u0430\\u043d\\u0438\\u0435 [kk]\"]}}]"}}, {"model": "admin.logentry", "pk": 89, "fields": {"action_time": "2021-04-19T04:53:26.439Z", "user": 2, "content_type": 7, "object_id": "16", "object_repr": "Матен Гулайша Жақыпқызы", "action_flag": 2, "change_message": "[{\"changed\": {\"fields\": [\"\\u041e\\u043f\\u0438\\u0441\\u0430\\u043d\\u0438\\u0435 [ru]\", \"\\u041e\\u043f\\u0438\\u0441\\u0430\\u043d\\u0438\\u0435 [en]\", \"\\u041e\\u043f\\u0438\\u0441\\u0430\\u043d\\u0438\\u0435 [kk]\"]}}]"}}, {"model": "admin.logentry", "pk": 90, "fields": {"action_time": "2021-04-25T17:49:19.404Z", "user": 2, "content_type": 8, "object_id": "1", "object_repr": "Юнусов Мадияр Бахтиярович", "action_flag": 2, "change_message": "[{\"changed\": {\"fields\": [\"\\u041e\\u043f\\u0438\\u0441\\u0430\\u043d\\u0438\\u0435 [ru]\", \"\\u041e\\u043f\\u0438\\u0441\\u0430\\u043d\\u0438\\u0435 [en]\", \"\\u041e\\u043f\\u0438\\u0441\\u0430\\u043d\\u0438\\u0435 [kk]\"]}}]"}}, {"model": "admin.logentry", "pk": 91, "fields": {"action_time": "2021-04-25T17:51:10.461Z", "user": 2, "content_type": 8, "object_id": "1", "object_repr": "Yunusov Madiyar Bakhtiyarovich", "action_flag": 2, "change_message": "[{\"changed\": {\"fields\": [\"\\u041e\\u043f\\u0438\\u0441\\u0430\\u043d\\u0438\\u0435 [ru]\"]}}]"}}, {"model": "admin.logentry", "pk": 92, "fields": {"action_time": "2021-04-25T17:55:22.510Z", "user": 2, "content_type": 8, "object_id": "2", "object_repr": "Ибрагимова Гульнара Жумашевна", "action_flag": 2, "change_message": "[{\"changed\": {\"fields\": [\"\\u041e\\u043f\\u0438\\u0441\\u0430\\u043d\\u0438\\u0435 [ru]\", \"\\u041e\\u043f\\u0438\\u0441\\u0430\\u043d\\u0438\\u0435 [en]\"]}}]"}}, {"model": "admin.logentry", "pk": 93, "fields": {"action_time": "2021-04-25T17:57:52.492Z", "user": 2, "content_type": 8, "object_id": "3", "object_repr": "Байсеитов Ерлан Умбетбаевич", "action_flag": 2, "change_message": "[{\"changed\": {\"fields\": [\"\\u041e\\u043f\\u0438\\u0441\\u0430\\u043d\\u0438\\u0435 [ru]\", \"\\u041e\\u043f\\u0438\\u0441\\u0430\\u043d\\u0438\\u0435 [en]\"]}}]"}}, {"model": "admin.logentry", "pk": 94, "fields": {"action_time": "2021-04-27T17:35:26.999Z", "user": 2, "content_type": 11, "object_id": "2", "object_repr": "Моя профессия - мой статус", "action_flag": 1, "change_message": "[{\"added\": {}}]"}}, {"model": "admin.logentry", "pk": 95, "fields": {"action_time": "2021-04-28T07:23:33.887Z", "user": 2, "content_type": 8, "object_id": "9", "object_repr": "Абдужаппаров Фахриддин Мухтарович", "action_flag": 3, "change_message": ""}}, {"model": "admin.logentry", "pk": 96, "fields": {"action_time": "2021-04-28T07:23:41.699Z", "user": 2, "content_type": 8, "object_id": "7", "object_repr": "Маманазаров Бахрам Хашимназарович", "action_flag": 3, "change_message": ""}}, {"model": "admin.logentry", "pk": 97, "fields": {"action_time": "2021-04-28T07:32:00.578Z", "user": 2, "content_type": 8, "object_id": "4", "object_repr": "Ибраева Людмила Махатовна", "action_flag": 2, "change_message": "[{\"changed\": {\"fields\": [\"\\u041e\\u043f\\u0438\\u0441\\u0430\\u043d\\u0438\\u0435 [ru]\", \"\\u041e\\u043f\\u0438\\u0441\\u0430\\u043d\\u0438\\u0435 [en]\"]}}]"}}, {"model": "admin.logentry", "pk": 98, "fields": {"action_time": "2021-04-28T07:38:45.274Z", "user": 2, "content_type": 8, "object_id": "17", "object_repr": "Эльзира", "action_flag": 1, "change_message": "[{\"added\": {}}]"}}, {"model": "admin.logentry", "pk": 99, "fields": {"action_time": "2021-04-28T07:39:40.541Z", "user": 2, "content_type": 8, "object_id": "17", "object_repr": "Кожанова Эльзира Эльзира", "action_flag": 2, "change_message": "[{\"changed\": {\"fields\": [\"\\u0418\\u043c\\u044f [ru]\", \"\\u0418\\u043c\\u044f [en]\", \"\\u0418\\u043c\\u044f [kk]\"]}}]"}}, {"model": "admin.logentry", "pk": 100, "fields": {"action_time": "2021-04-28T18:06:23.091Z", "user": 2, "content_type": 15, "object_id": "8", "object_repr": "02310100 Аударма ісі  (түрлері бойынша)", "action_flag": 2, "change_message": "[{\"changed\": {\"fields\": [\"\\u0424\\u043e\\u0442\\u043e\"]}}]"}}, {"model": "admin.logentry", "pk": 101, "fields": {"action_time": "2021-04-28T18:07:55.872Z", "user": 2, "content_type": 15, "object_id": "1", "object_repr": "01120100 Мектепке дейінгі тәрбие және оқыту", "action_flag": 2, "change_message": "[{\"changed\": {\"fields\": [\"\\u0424\\u043e\\u0442\\u043e\"]}}]"}}, {"model": "admin.logentry", "pk": 102, "fields": {"action_time": "2021-04-28T18:09:41.382Z", "user": 2, "content_type": 15, "object_id": "13", "object_repr": "06130100 Бағдарламалық қамтамасыз ету (түрлері бойынша)", "action_flag": 2, "change_message": "[{\"changed\": {\"fields\": [\"\\u0424\\u043e\\u0442\\u043e\"]}}]"}}, {"model": "admin.logentry", "pk": 103, "fields": {"action_time": "2021-04-28T18:12:08.612Z", "user": 2, "content_type": 15, "object_id": "10", "object_repr": "04110100 Есеп және аудит", "action_flag": 2, "change_message": "[{\"changed\": {\"fields\": [\"\\u0424\\u043e\\u0442\\u043e\"]}}]"}}, {"model": "admin.logentry", "pk": 104, "fields": {"action_time": "2021-04-28T18:32:23.652Z", "user": 2, "content_type": 15, "object_id": "11", "object_repr": "0420100 Құқықтану", "action_flag": 2, "change_message": "[{\"changed\": {\"fields\": [\"\\u0424\\u043e\\u0442\\u043e\"]}}]"}}, {"model": "admin.logentry", "pk": 105, "fields": {"action_time": "2021-04-28T18:32:44.239Z", "user": 2, "content_type": 15, "object_id": "9", "object_repr": "03220100 Кітапхана ісі", "action_flag": 2, "change_message": "[{\"changed\": {\"fields\": [\"\\u0424\\u043e\\u0442\\u043e\"]}}]"}}, {"model": "admin.logentry", "pk": 106, "fields": {"action_time": "2021-04-28T18:33:03.410Z", "user": 2, "content_type": 15, "object_id": "7", "object_repr": "02120200 Киім дизайны", "action_flag": 2, "change_message": "[{\"changed\": {\"fields\": [\"\\u0424\\u043e\\u0442\\u043e\"]}}]"}}, {"model": "admin.logentry", "pk": 107, "fields": {"action_time": "2021-04-28T18:33:25.555Z", "user": 2, "content_type": 15, "object_id": "5", "object_repr": "01140500 Дене тәрбиесі  және спорт", "action_flag": 2, "change_message": "[{\"changed\": {\"fields\": [\"\\u0424\\u043e\\u0442\\u043e\"]}}]"}}, {"model": "admin.logentry", "pk": 108, "fields": {"action_time": "2021-04-28T18:33:37.244Z", "user": 2, "content_type": 15, "object_id": "4", "object_repr": "01140200 Музыкалық білім беру", "action_flag": 2, "change_message": "[{\"changed\": {\"fields\": [\"\\u0424\\u043e\\u0442\\u043e\"]}}]"}}, {"model": "admin.logentry", "pk": 109, "fields": {"action_time": "2021-04-28T18:33:53.267Z", "user": 2, "content_type": 15, "object_id": "3", "object_repr": "01140700 Информатика", "action_flag": 2, "change_message": "[{\"changed\": {\"fields\": [\"\\u0424\\u043e\\u0442\\u043e\"]}}]"}}, {"model": "admin.logentry", "pk": 110, "fields": {"action_time": "2021-04-28T18:34:05.581Z", "user": 2, "content_type": 15, "object_id": "2", "object_repr": "01140100 Бастауыш білім беру педагогикасы мен әдістемесі", "action_flag": 2, "change_message": "[{\"changed\": {\"fields\": [\"\\u0424\\u043e\\u0442\\u043e\"]}}]"}}, {"model": "admin.logentry", "pk": 111, "fields": {"action_time": "2021-04-28T18:36:58.441Z", "user": 2, "content_type": 15, "object_id": "12", "object_repr": "06120100 Есептеу техникасы және ақпараттық желілер  (түрлері бойынша)", "action_flag": 2, "change_message": "[{\"changed\": {\"fields\": [\"\\u0424\\u043e\\u0442\\u043e\"]}}]"}}, {"model": "admin.logentry", "pk": 112, "fields": {"action_time": "2021-04-28T18:48:53.839Z", "user": 2, "content_type": 15, "object_id": "6", "object_repr": "01140600 Негізгі орта білім берудегі тіл мен әдебиетті оқытудың педагогикасы мен әдістемесі", "action_flag": 2, "change_message": "[{\"changed\": {\"fields\": [\"\\u0424\\u043e\\u0442\\u043e\"]}}]"}}, {"model": "admin.logentry", "pk": 113, "fields": {"action_time": "2021-04-28T19:08:25.537Z", "user": 2, "content_type": 11, "object_id": "3", "object_repr": "Приемная комиссия", "action_flag": 1, "change_message": "[{\"added\": {}}]"}}, {"model": "admin.logentry", "pk": 114, "fields": {"action_time": "2021-04-28T19:10:36.216Z", "user": 2, "content_type": 11, "object_id": "3", "object_repr": "Приемная комиссия", "action_flag": 2, "change_message": "[{\"changed\": {\"fields\": [\"\\u0417\\u0430\\u0433\\u0430\\u043b\\u043e\\u0432\\u043e\\u043a \\u043f\\u043e\\u0441\\u0442\\u0430\", \"\\u041f\\u043e\\u0441\\u0442\\u0435\\u0440\"]}}]"}}, {"model": "admin.logentry", "pk": 115, "fields": {"action_time": "2021-04-28T19:12:45.303Z", "user": 2, "content_type": 11, "object_id": "3", "object_repr": "Байсеитов Ерлан Умбетбаевич ознакомил планируемым порядком приема абитуриентов", "action_flag": 2, "change_message": "[{\"changed\": {\"fields\": [\"\\u0417\\u0430\\u0433\\u0430\\u043b\\u043e\\u0432\\u043e\\u043a \\u043f\\u043e\\u0441\\u0442\\u0430 [ru]\", \"\\u0417\\u0430\\u0433\\u0430\\u043b\\u043e\\u0432\\u043e\\u043a \\u043f\\u043e\\u0441\\u0442\\u0430 [kk]\"]}}]"}}, {"model": "admin.logentry", "pk": 116, "fields": {"action_time": "2021-04-28T19:14:25.336Z", "user": 2, "content_type": 8, "object_id": "2", "object_repr": "Ибрагимова Гульнара Жумашевна", "action_flag": 2, "change_message": "[{\"changed\": {\"fields\": [\"\\u041e\\u043f\\u0438\\u0441\\u0430\\u043d\\u0438\\u0435 [ru]\", \"\\u041e\\u043f\\u0438\\u0441\\u0430\\u043d\\u0438\\u0435 [en]\"]}}]"}}, {"model": "admin.logentry", "pk": 117, "fields": {"action_time": "2021-04-28T19:16:39.539Z", "user": 2, "content_type": 8, "object_id": "17", "object_repr": "Кожанова Эльзира Эльзира", "action_flag": 2, "change_message": "[{\"changed\": {\"fields\": [\"\\u0424\\u043e\\u0442\\u043e\"]}}]"}}, {"model": "admin.logentry", "pk": 118, "fields": {"action_time": "2021-04-29T12:36:32.943Z", "user": 1, "content_type": 27, "object_id": "5", "object_repr": "Специальности", "action_flag": 2, "change_message": "[{\"changed\": {\"fields\": [\"\\u0421\\u0441\\u044b\\u043b\\u043a\\u0430 \\u043d\\u0430 \\u0447\\u0435\\u0433\\u043e \\u043b\\u0438\\u0431\\u043e\"]}}]"}}, {"model": "admin.logentry", "pk": 119, "fields": {"action_time": "2021-04-29T12:36:37.278Z", "user": 1, "content_type": 27, "object_id": "1", "object_repr": "Главная", "action_flag": 2, "change_message": "[]"}}, {"model": "admin.logentry", "pk": 120, "fields": {"action_time": "2021-04-29T12:36:45.535Z", "user": 1, "content_type": 27, "object_id": "2", "object_repr": "Новости", "action_flag": 2, "change_message": "[{\"changed\": {\"fields\": [\"\\u0421\\u0441\\u044b\\u043b\\u043a\\u0430 \\u043d\\u0430 \\u0447\\u0435\\u0433\\u043e \\u043b\\u0438\\u0431\\u043e\"]}}]"}}, {"model": "admin.logentry", "pk": 121, "fields": {"action_time": "2021-04-29T12:36:55.039Z", "user": 1, "content_type": 27, "object_id": "3", "object_repr": "О колледже", "action_flag": 2, "change_message": "[{\"changed\": {\"fields\": [\"\\u0421\\u0441\\u044b\\u043b\\u043a\\u0430 \\u043d\\u0430 \\u0447\\u0435\\u0433\\u043e \\u043b\\u0438\\u0431\\u043e\"]}}]"}}, {"model": "admin.logentry", "pk": 122, "fields": {"action_time": "2021-04-29T12:37:04.493Z", "user": 1, "content_type": 27, "object_id": "4", "object_repr": "Структура", "action_flag": 2, "change_message": "[{\"changed\": {\"fields\": [\"\\u0421\\u0441\\u044b\\u043b\\u043a\\u0430 \\u043d\\u0430 \\u0447\\u0435\\u0433\\u043e \\u043b\\u0438\\u0431\\u043e\"]}}]"}}, {"model": "admin.logentry", "pk": 123, "fields": {"action_time": "2021-04-29T12:37:10.438Z", "user": 1, "content_type": 27, "object_id": "6", "object_repr": "Учебный процесс", "action_flag": 2, "change_message": "[]"}}, {"model": "admin.logentry", "pk": 124, "fields": {"action_time": "2021-04-29T12:37:19.601Z", "user": 1, "content_type": 27, "object_id": "8", "object_repr": "Международный отдел", "action_flag": 2, "change_message": "[{\"changed\": {\"fields\": [\"\\u0421\\u0441\\u044b\\u043b\\u043a\\u0430 \\u043d\\u0430 \\u0447\\u0435\\u0433\\u043e \\u043b\\u0438\\u0431\\u043e\"]}}]"}}, {"model": "admin.logentry", "pk": 125, "fields": {"action_time": "2021-04-29T12:37:24.738Z", "user": 1, "content_type": 27, "object_id": "8", "object_repr": "Международный отдел", "action_flag": 2, "change_message": "[]"}}, {"model": "admin.logentry", "pk": 126, "fields": {"action_time": "2021-04-29T12:37:32.021Z", "user": 1, "content_type": 27, "object_id": "9", "object_repr": "Контакты", "action_flag": 2, "change_message": "[{\"changed\": {\"fields\": [\"\\u0421\\u0441\\u044b\\u043b\\u043a\\u0430 \\u043d\\u0430 \\u0447\\u0435\\u0433\\u043e \\u043b\\u0438\\u0431\\u043e\"]}}]"}}, {"model": "admin.logentry", "pk": 127, "fields": {"action_time": "2021-04-29T22:40:06.710Z", "user": 1, "content_type": 27, "object_id": "6", "object_repr": "Учебный процесс", "action_flag": 2, "change_message": "[{\"changed\": {\"fields\": [\"\\u0421\\u0441\\u044b\\u043b\\u043a\\u0430 \\u043d\\u0430 \\u0447\\u0435\\u0433\\u043e \\u043b\\u0438\\u0431\\u043e\"]}}]"}}, {"model": "admin.logentry", "pk": 128, "fields": {"action_time": "2021-04-29T22:40:16.336Z", "user": 1, "content_type": 27, "object_id": "10", "object_repr": "COVID-19", "action_flag": 2, "change_message": "[{\"changed\": {\"fields\": [\"\\u0421\\u0441\\u044b\\u043b\\u043a\\u0430 \\u043d\\u0430 \\u0447\\u0435\\u0433\\u043e \\u043b\\u0438\\u0431\\u043e\"]}}]"}}, {"model": "admin.logentry", "pk": 129, "fields": {"action_time": "2021-04-29T22:41:51.397Z", "user": 1, "content_type": 27, "object_id": "7", "object_repr": "Абитуриенту", "action_flag": 2, "change_message": "[{\"changed\": {\"fields\": [\"\\u0421\\u0441\\u044b\\u043b\\u043a\\u0430 \\u043d\\u0430 \\u0447\\u0435\\u0433\\u043e \\u043b\\u0438\\u0431\\u043e\"]}}]"}}, {"model": "admin.logentry", "pk": 130, "fields": {"action_time": "2021-04-29T22:45:01.031Z", "user": 1, "content_type": 4, "object_id": "2", "object_repr": "babur", "action_flag": 2, "change_message": "[{\"changed\": {\"fields\": [\"User permissions\"]}}]"}}, {"model": "admin.logentry", "pk": 131, "fields": {"action_time": "2021-04-30T17:31:02.036Z", "user": 2, "content_type": 11, "object_id": "4", "object_repr": "Международные конференция", "action_flag": 1, "change_message": "[{\"added\": {}}]"}}, {"model": "admin.logentry", "pk": 132, "fields": {"action_time": "2021-04-30T17:33:43.961Z", "user": 2, "content_type": 11, "object_id": "4", "object_repr": "Международная научно - практическая онлайн конференция", "action_flag": 2, "change_message": "[{\"changed\": {\"fields\": [\"\\u0417\\u0430\\u0433\\u0430\\u043b\\u043e\\u0432\\u043e\\u043a \\u043f\\u043e\\u0441\\u0442\\u0430\", \"\\u0417\\u0430\\u0433\\u0430\\u043b\\u043e\\u0432\\u043e\\u043a \\u043f\\u043e\\u0441\\u0442\\u0430 [ru]\", \"\\u0417\\u0430\\u0433\\u0430\\u043b\\u043e\\u0432\\u043e\\u043a \\u043f\\u043e\\u0441\\u0442\\u0430 [en]\", \"\\u0417\\u0430\\u0433\\u0430\\u043b\\u043e\\u0432\\u043e\\u043a \\u043f\\u043e\\u0441\\u0442\\u0430 [kk]\"]}}]"}}, {"model": "admin.logentry", "pk": 133, "fields": {"action_time": "2021-04-30T17:38:15.432Z", "user": 2, "content_type": 20, "object_id": "1", "object_repr": "Меморандум о сотрудничестве между Высшим педагогическим колледжем Shymkent и колледж", "action_flag": 1, "change_message": "[{\"added\": {}}]"}}, {"model": "admin.logentry", "pk": 134, "fields": {"action_time": "2021-04-30T17:39:05.150Z", "user": 2, "content_type": 20, "object_id": "2", "object_repr": "Меморандум о сотрудничестве между Высшим педагогическим колледжем Shymkent и колледж  \"Таалим\" (Кыргызстан)", "action_flag": 1, "change_message": "[{\"added\": {}}]"}}, {"model": "admin.logentry", "pk": 135, "fields": {"action_time": "2021-04-30T17:40:28.158Z", "user": 2, "content_type": 27, "object_id": "11", "object_repr": "Обучающийся", "action_flag": 3, "change_message": ""}}, {"model": "admin.logentry", "pk": 136, "fields": {"action_time": "2021-04-30T17:47:00.850Z", "user": 2, "content_type": 20, "object_id": "4", "object_repr": "29.04.2021", "action_flag": 1, "change_message": "[{\"added\": {}}]"}}, {"model": "admin.logentry", "pk": 137, "fields": {"action_time": "2021-04-30T17:47:39.838Z", "user": 2, "content_type": 20, "object_id": "5", "object_repr": "Edna Adnan University & Colleges (Сомалиленд)", "action_flag": 1, "change_message": "[{\"added\": {}}]"}}, {"model": "admin.logentry", "pk": 138, "fields": {"action_time": "2021-04-30T17:52:56.717Z", "user": 2, "content_type": 20, "object_id": "8", "object_repr": "23.04.2021ж. күні Shymkent жоғары педагогикалық колледжінде 9 – 11 сынып оқушыларына кәсіби бағыт - бағдар беру мақсатында «Мамандығым - мәртебем» тақырыбында ашық есік күні онлайн форматта ZOOM бағда", "action_flag": 1, "change_message": "[{\"added\": {}}]"}}, {"model": "admin.logentry", "pk": 139, "fields": {"action_time": "2021-04-30T17:53:30.416Z", "user": 2, "content_type": 20, "object_id": "8", "object_repr": "23.04.2021ж. күні Shymkent жоғары педагогикалық колледжінде 9 – 11 сынып оқушыларына кәсіби бағыт - бағдар беру мақсатында «Мамандығым - мәртебем» тақырыбында ашық есік күні онлайн форматта ZOOM бағда", "action_flag": 3, "change_message": ""}}, {"model": "admin.logentry", "pk": 140, "fields": {"action_time": "2021-04-30T17:54:15.727Z", "user": 2, "content_type": 11, "object_id": "2", "object_repr": "Моя профессия - мой статус", "action_flag": 2, "change_message": "[{\"changed\": {\"fields\": [\"\\u041e\\u043f\\u0438\\u0441\\u0430\\u043d\\u0438\\u0435 \\u043f\\u043e\\u0441\\u0442\\u0430\", \"\\u041e\\u043f\\u0438\\u0441\\u0430\\u043d\\u0438\\u0435 \\u043f\\u043e\\u0441\\u0442\\u0430 [ru]\", \"\\u041e\\u043f\\u0438\\u0441\\u0430\\u043d\\u0438\\u0435 \\u043f\\u043e\\u0441\\u0442\\u0430 [en]\", \"\\u041e\\u043f\\u0438\\u0441\\u0430\\u043d\\u0438\\u0435 \\u043f\\u043e\\u0441\\u0442\\u0430 [kk]\"]}}]"}}, {"model": "admin.logentry", "pk": 141, "fields": {"action_time": "2021-04-30T18:10:20.797Z", "user": 1, "content_type": 20, "object_id": "11", "object_repr": "k", "action_flag": 1, "change_message": "[{\"added\": {}}]"}}, {"model": "admin.logentry", "pk": 142, "fields": {"action_time": "2021-04-30T18:11:44.774Z", "user": 1, "content_type": 20, "object_id": "11", "object_repr": "k", "action_flag": 2, "change_message": "[{\"changed\": {\"fields\": [\"\\u0421\\u0441\\u044b\\u043b\\u043a\\u0430 \\u043d\\u0430 \\u044e\\u0442\\u0443\\u0431\"]}}]"}}, {"model": "admin.logentry", "pk": 143, "fields": {"action_time": "2021-04-30T18:12:25.973Z", "user": 1, "content_type": 20, "object_id": "11", "object_repr": "k", "action_flag": 2, "change_message": "[{\"changed\": {\"fields\": [\"\\u0421\\u0441\\u044b\\u043b\\u043a\\u0430 \\u043d\\u0430 \\u044e\\u0442\\u0443\\u0431\"]}}]"}}, {"model": "admin.logentry", "pk": 144, "fields": {"action_time": "2021-04-30T18:18:42.043Z", "user": 2, "content_type": 20, "object_id": "11", "object_repr": "k", "action_flag": 3, "change_message": ""}}, {"model": "admin.logentry", "pk": 145, "fields": {"action_time": "2021-04-30T18:19:26.929Z", "user": 2, "content_type": 20, "object_id": "12", "object_repr": "Высший педагогический колледж Shymkent", "action_flag": 1, "change_message": "[{\"added\": {}}]"}}, {"model": "admin.logentry", "pk": 146, "fields": {"action_time": "2021-04-30T18:23:42.196Z", "user": 2, "content_type": 20, "object_id": "12", "object_repr": "Высший педагогический колледж Shymkent", "action_flag": 2, "change_message": "[{\"changed\": {\"fields\": [\"\\u0421\\u0441\\u044b\\u043b\\u043a\\u0430 \\u043d\\u0430 \\u044e\\u0442\\u0443\\u0431\"]}}]"}}, {"model": "admin.logentry", "pk": 147, "fields": {"action_time": "2021-04-30T18:25:51.789Z", "user": 2, "content_type": 20, "object_id": "13", "object_repr": "Моя профессия - мой статус", "action_flag": 1, "change_message": "[{\"added\": {}}]"}}, {"model": "admin.logentry", "pk": 148, "fields": {"action_time": "2021-04-30T18:28:35.545Z", "user": 2, "content_type": 20, "object_id": "15", "object_repr": "Высший педагогический колледж Shymkent", "action_flag": 1, "change_message": "[{\"added\": {}}]"}}, {"model": "admin.logentry", "pk": 149, "fields": {"action_time": "2021-04-30T18:29:54.834Z", "user": 2, "content_type": 20, "object_id": "16", "object_repr": "Высший педагогический колледж Shymkent", "action_flag": 1, "change_message": "[{\"added\": {}}]"}}, {"model": "admin.logentry", "pk": 150, "fields": {"action_time": "2021-04-30T18:30:37.457Z", "user": 2, "content_type": 20, "object_id": "17", "object_repr": "Высший педагогический колледж Shymkent", "action_flag": 1, "change_message": "[{\"added\": {}}]"}}, {"model": "admin.logentry", "pk": 151, "fields": {"action_time": "2021-04-30T18:31:34.549Z", "user": 2, "content_type": 20, "object_id": "18", "object_repr": "Высший педагогический колледж Shymkent", "action_flag": 1, "change_message": "[{\"added\": {}}]"}}, {"model": "admin.logentry", "pk": 152, "fields": {"action_time": "2021-04-30T18:32:55.122Z", "user": 2, "content_type": 20, "object_id": "19", "object_repr": "Высший педагогический колледж Shymkent", "action_flag": 1, "change_message": "[{\"added\": {}}]"}}, {"model": "admin.logentry", "pk": 153, "fields": {"action_time": "2021-04-30T18:33:35.084Z", "user": 2, "content_type": 20, "object_id": "20", "object_repr": "Высший педагогический колледж Shymkent", "action_flag": 1, "change_message": "[{\"added\": {}}]"}}, {"model": "admin.logentry", "pk": 154, "fields": {"action_time": "2021-04-30T18:35:21.120Z", "user": 2, "content_type": 20, "object_id": "21", "object_repr": "Высший педагогический колледж Shymkent", "action_flag": 1, "change_message": "[{\"added\": {}}]"}}, {"model": "admin.logentry", "pk": 155, "fields": {"action_time": "2021-04-30T18:35:53.498Z", "user": 2, "content_type": 20, "object_id": "22", "object_repr": "Высший педагогический колледж Shymkent", "action_flag": 1, "change_message": "[{\"added\": {}}]"}}, {"model": "admin.logentry", "pk": 156, "fields": {"action_time": "2021-04-30T18:36:24.385Z", "user": 2, "content_type": 20, "object_id": "23", "object_repr": "Высший педагогический колледж Shymkent", "action_flag": 1, "change_message": "[{\"added\": {}}]"}}, {"model": "admin.logentry", "pk": 157, "fields": {"action_time": "2021-04-30T18:37:00.832Z", "user": 2, "content_type": 20, "object_id": "24", "object_repr": "Высший педагогический колледж Shymkent", "action_flag": 1, "change_message": "[{\"added\": {}}]"}}, {"model": "admin.logentry", "pk": 158, "fields": {"action_time": "2021-04-30T18:37:18.935Z", "user": 2, "content_type": 20, "object_id": "25", "object_repr": "Высший педагогический колледж Shymkent", "action_flag": 1, "change_message": "[{\"added\": {}}]"}}, {"model": "admin.logentry", "pk": 159, "fields": {"action_time": "2021-04-30T18:37:53.027Z", "user": 2, "content_type": 20, "object_id": "26", "object_repr": "Высший педагогический колледж Shymkent", "action_flag": 1, "change_message": "[{\"added\": {}}]"}}, {"model": "admin.logentry", "pk": 160, "fields": {"action_time": "2021-04-30T18:39:05.687Z", "user": 2, "content_type": 20, "object_id": "25", "object_repr": "Высший педагогический колледж Shymkent", "action_flag": 2, "change_message": "[{\"changed\": {\"fields\": [\"\\u0421\\u0441\\u044b\\u043b\\u043a\\u0430 \\u043d\\u0430 \\u044e\\u0442\\u0443\\u0431\"]}}]"}}, {"model": "admin.logentry", "pk": 161, "fields": {"action_time": "2021-04-30T18:39:50.431Z", "user": 2, "content_type": 20, "object_id": "27", "object_repr": "Высший педагогический колледж Shymkent", "action_flag": 1, "change_message": "[{\"added\": {}}]"}}, {"model": "admin.logentry", "pk": 162, "fields": {"action_time": "2021-04-30T18:40:35.535Z", "user": 2, "content_type": 20, "object_id": "28", "object_repr": "Высший педагогический колледж Shymkent", "action_flag": 1, "change_message": "[{\"added\": {}}]"}}, {"model": "admin.logentry", "pk": 163, "fields": {"action_time": "2021-04-30T18:41:48.463Z", "user": 2, "content_type": 20, "object_id": "29", "object_repr": "Высший педагогический колледж Shymkent", "action_flag": 1, "change_message": "[{\"added\": {}}]"}}, {"model": "admin.logentry", "pk": 164, "fields": {"action_time": "2021-04-30T18:45:15.412Z", "user": 2, "content_type": 20, "object_id": "30", "object_repr": "Высший педагогический колледж Shymkent", "action_flag": 1, "change_message": "[{\"added\": {}}]"}}, {"model": "admin.logentry", "pk": 165, "fields": {"action_time": "2021-04-30T18:45:48.929Z", "user": 2, "content_type": 20, "object_id": "31", "object_repr": "Высший педагогический колледж Shymkent", "action_flag": 1, "change_message": "[{\"added\": {}}]"}}, {"model": "admin.logentry", "pk": 166, "fields": {"action_time": "2021-04-30T18:47:58.625Z", "user": 2, "content_type": 20, "object_id": "32", "object_repr": "Высший педагогический колледж Shymkent", "action_flag": 1, "change_message": "[{\"added\": {}}]"}}, {"model": "admin.logentry", "pk": 167, "fields": {"action_time": "2021-04-30T18:49:14.121Z", "user": 2, "content_type": 20, "object_id": "33", "object_repr": "Высший педагогический колледж Shymkent", "action_flag": 1, "change_message": "[{\"added\": {}}]"}}, {"model": "admin.logentry", "pk": 168, "fields": {"action_time": "2021-04-30T18:50:43.735Z", "user": 2, "content_type": 20, "object_id": "34", "object_repr": "Высший педагогический колледж Shymkent", "action_flag": 1, "change_message": "[{\"added\": {}}]"}}, {"model": "admin.logentry", "pk": 169, "fields": {"action_time": "2021-04-30T18:52:15.083Z", "user": 2, "content_type": 20, "object_id": "35", "object_repr": "Высший педагогический колледж Shymkent", "action_flag": 1, "change_message": "[{\"added\": {}}]"}}, {"model": "admin.logentry", "pk": 170, "fields": {"action_time": "2021-04-30T18:53:15.152Z", "user": 2, "content_type": 20, "object_id": "36", "object_repr": "Высший педагогический колледж Shymkent", "action_flag": 1, "change_message": "[{\"added\": {}}]"}}, {"model": "admin.logentry", "pk": 171, "fields": {"action_time": "2021-04-30T18:56:05.969Z", "user": 2, "content_type": 20, "object_id": "37", "object_repr": "Высший педагогический колледж Shymkent", "action_flag": 1, "change_message": "[{\"added\": {}}]"}}, {"model": "admin.logentry", "pk": 172, "fields": {"action_time": "2021-04-30T18:57:14.856Z", "user": 2, "content_type": 20, "object_id": "38", "object_repr": "Высший педагогический колледж Shymkent", "action_flag": 1, "change_message": "[{\"added\": {}}]"}}, {"model": "admin.logentry", "pk": 173, "fields": {"action_time": "2021-04-30T18:57:51.780Z", "user": 2, "content_type": 20, "object_id": "39", "object_repr": "Высший педагогический колледж Shymkent", "action_flag": 1, "change_message": "[{\"added\": {}}]"}}, {"model": "admin.logentry", "pk": 174, "fields": {"action_time": "2021-04-30T18:58:22.875Z", "user": 2, "content_type": 20, "object_id": "40", "object_repr": "Высший педагогический колледж Shymkent", "action_flag": 1, "change_message": "[{\"added\": {}}]"}}, {"model": "admin.logentry", "pk": 175, "fields": {"action_time": "2021-04-30T18:58:52.695Z", "user": 2, "content_type": 20, "object_id": "41", "object_repr": "Высший педагогический колледж Shymkent", "action_flag": 1, "change_message": "[{\"added\": {}}]"}}, {"model": "admin.logentry", "pk": 176, "fields": {"action_time": "2021-04-30T18:59:30.542Z", "user": 2, "content_type": 20, "object_id": "42", "object_repr": "Высший педагогический колледж Shymkent", "action_flag": 1, "change_message": "[{\"added\": {}}]"}}, {"model": "admin.logentry", "pk": 177, "fields": {"action_time": "2021-04-30T19:04:30.193Z", "user": 2, "content_type": 20, "object_id": "43", "object_repr": "Высший педагогический колледж Shymkent", "action_flag": 1, "change_message": "[{\"added\": {}}]"}}, {"model": "admin.logentry", "pk": 178, "fields": {"action_time": "2021-04-30T19:05:08.722Z", "user": 2, "content_type": 20, "object_id": "44", "object_repr": "Высший педагогический колледж Shymkent", "action_flag": 1, "change_message": "[{\"added\": {}}]"}}, {"model": "admin.logentry", "pk": 179, "fields": {"action_time": "2021-04-30T19:10:23.921Z", "user": 2, "content_type": 27, "object_id": "1", "object_repr": "Главная", "action_flag": 2, "change_message": "[{\"changed\": {\"fields\": [\"\\u0424\\u0438\\u043b\\u0442\\u0440\\u0430\\u0446\\u0438\\u044f\"]}}]"}}, {"model": "admin.logentry", "pk": 180, "fields": {"action_time": "2021-04-30T19:10:49.661Z", "user": 2, "content_type": 27, "object_id": "1", "object_repr": "Главная", "action_flag": 2, "change_message": "[{\"changed\": {\"fields\": [\"\\u0424\\u0438\\u043b\\u0442\\u0440\\u0430\\u0446\\u0438\\u044f\"]}}]"}}, {"model": "admin.logentry", "pk": 181, "fields": {"action_time": "2021-04-30T19:11:01.091Z", "user": 2, "content_type": 27, "object_id": "1", "object_repr": "Главная", "action_flag": 2, "change_message": "[{\"changed\": {\"fields\": [\"\\u0424\\u0438\\u043b\\u0442\\u0440\\u0430\\u0446\\u0438\\u044f\"]}}]"}}, {"model": "admin.logentry", "pk": 182, "fields": {"action_time": "2021-04-30T19:11:08.935Z", "user": 2, "content_type": 27, "object_id": "2", "object_repr": "Новости", "action_flag": 2, "change_message": "[{\"changed\": {\"fields\": [\"\\u0424\\u0438\\u043b\\u0442\\u0440\\u0430\\u0446\\u0438\\u044f\"]}}]"}}, {"model": "admin.logentry", "pk": 183, "fields": {"action_time": "2021-04-30T19:11:33.977Z", "user": 2, "content_type": 27, "object_id": "3", "object_repr": "О колледже", "action_flag": 2, "change_message": "[{\"changed\": {\"fields\": [\"\\u0424\\u0438\\u043b\\u0442\\u0440\\u0430\\u0446\\u0438\\u044f\"]}}]"}}, {"model": "admin.logentry", "pk": 184, "fields": {"action_time": "2021-04-30T19:11:56.929Z", "user": 2, "content_type": 27, "object_id": "6", "object_repr": "Учебный процесс", "action_flag": 2, "change_message": "[{\"changed\": {\"fields\": [\"\\u0424\\u0438\\u043b\\u0442\\u0440\\u0430\\u0446\\u0438\\u044f\"]}}]"}}, {"model": "admin.logentry", "pk": 185, "fields": {"action_time": "2021-04-30T19:12:21.089Z", "user": 2, "content_type": 27, "object_id": "4", "object_repr": "Структура", "action_flag": 2, "change_message": "[{\"changed\": {\"fields\": [\"\\u0424\\u0438\\u043b\\u0442\\u0440\\u0430\\u0446\\u0438\\u044f\"]}}]"}}, {"model": "admin.logentry", "pk": 186, "fields": {"action_time": "2021-04-30T19:12:52.077Z", "user": 2, "content_type": 27, "object_id": "5", "object_repr": "Специальности", "action_flag": 2, "change_message": "[{\"changed\": {\"fields\": [\"\\u0424\\u0438\\u043b\\u0442\\u0440\\u0430\\u0446\\u0438\\u044f\"]}}]"}}, {"model": "admin.logentry", "pk": 187, "fields": {"action_time": "2021-04-30T19:13:23.613Z", "user": 2, "content_type": 27, "object_id": "7", "object_repr": "Абитуриенту", "action_flag": 2, "change_message": "[{\"changed\": {\"fields\": [\"\\u0424\\u0438\\u043b\\u0442\\u0440\\u0430\\u0446\\u0438\\u044f\"]}}]"}}, {"model": "admin.logentry", "pk": 188, "fields": {"action_time": "2021-04-30T19:13:39.854Z", "user": 2, "content_type": 27, "object_id": "8", "object_repr": "Международный отдел", "action_flag": 2, "change_message": "[{\"changed\": {\"fields\": [\"\\u0424\\u0438\\u043b\\u0442\\u0440\\u0430\\u0446\\u0438\\u044f\"]}}]"}}, {"model": "admin.logentry", "pk": 189, "fields": {"action_time": "2021-04-30T19:13:59.127Z", "user": 2, "content_type": 27, "object_id": "9", "object_repr": "Контакты", "action_flag": 2, "change_message": "[{\"changed\": {\"fields\": [\"\\u0424\\u0438\\u043b\\u0442\\u0440\\u0430\\u0446\\u0438\\u044f\"]}}]"}}, {"model": "admin.logentry", "pk": 190, "fields": {"action_time": "2021-04-30T19:14:07.178Z", "user": 2, "content_type": 27, "object_id": "10", "object_repr": "COVID-19", "action_flag": 2, "change_message": "[{\"changed\": {\"fields\": [\"\\u0424\\u0438\\u043b\\u0442\\u0440\\u0430\\u0446\\u0438\\u044f\"]}}]"}}, {"model": "admin.logentry", "pk": 191, "fields": {"action_time": "2021-04-30T19:19:03.075Z", "user": 2, "content_type": 28, "object_id": "15", "object_repr": "Сотрудники", "action_flag": 1, "change_message": "[{\"added\": {}}]"}}, {"model": "admin.logentry", "pk": 192, "fields": {"action_time": "2021-04-30T19:19:19.796Z", "user": 2, "content_type": 28, "object_id": "15", "object_repr": "Сотрудники", "action_flag": 2, "change_message": "[{\"changed\": {\"fields\": [\"\\u0424\\u0438\\u043b\\u0442\\u0440\\u0430\\u0446\\u0438\\u044f\"]}}]"}}, {"model": "admin.logentry", "pk": 193, "fields": {"action_time": "2021-04-30T19:20:36.521Z", "user": 2, "content_type": 28, "object_id": "15", "object_repr": "Сотрудники", "action_flag": 3, "change_message": ""}}, {"model": "admin.logentry", "pk": 194, "fields": {"action_time": "2021-05-03T19:12:42.008Z", "user": 1, "content_type": 27, "object_id": "4", "object_repr": "Структура", "action_flag": 2, "change_message": "[]"}}, {"model": "admin.logentry", "pk": 195, "fields": {"action_time": "2021-05-07T19:04:02.752Z", "user": 2, "content_type": 20, "object_id": "45", "object_repr": "Высший педагогический колледж Shymkent", "action_flag": 1, "change_message": "[{\"added\": {}}]"}}, {"model": "admin.logentry", "pk": 196, "fields": {"action_time": "2021-05-07T19:05:01.661Z", "user": 2, "content_type": 20, "object_id": "45", "object_repr": "Высший педагогический колледж Shymkent", "action_flag": 2, "change_message": "[]"}}, {"model": "admin.logentry", "pk": 197, "fields": {"action_time": "2021-05-07T19:05:32.170Z", "user": 2, "content_type": 20, "object_id": "45", "object_repr": "Высший педагогический колледж Shymkent", "action_flag": 2, "change_message": "[{\"changed\": {\"fields\": [\"\\u0421\\u0441\\u044b\\u043b\\u043a\\u0430 \\u043d\\u0430 \\u044e\\u0442\\u0443\\u0431\"]}}]"}}, {"model": "admin.logentry", "pk": 198, "fields": {"action_time": "2021-05-07T19:07:11.306Z", "user": 2, "content_type": 20, "object_id": "46", "object_repr": "Высший педагогический колледж Shymkent", "action_flag": 1, "change_message": "[{\"added\": {}}]"}}, {"model": "admin.logentry", "pk": 199, "fields": {"action_time": "2021-05-07T19:19:04.317Z", "user": 2, "content_type": 11, "object_id": "5", "object_repr": "Приветственное слово: Президент” высшего педагогического колледжа Shymkent\", член-корреспондент Национальной инженерной академии РК М. Б. Юнусов", "action_flag": 1, "change_message": "[{\"added\": {}}]"}}, {"model": "admin.logentry", "pk": 200, "fields": {"action_time": "2021-05-07T19:21:42.134Z", "user": 2, "content_type": 11, "object_id": "5", "object_repr": "Высший педагогический колледж Shymkent", "action_flag": 2, "change_message": "[{\"changed\": {\"fields\": [\"\\u0417\\u0430\\u0433\\u0430\\u043b\\u043e\\u0432\\u043e\\u043a \\u043f\\u043e\\u0441\\u0442\\u0430\", \"\\u0417\\u0430\\u0433\\u0430\\u043b\\u043e\\u0432\\u043e\\u043a \\u043f\\u043e\\u0441\\u0442\\u0430 [ru]\", \"\\u0417\\u0430\\u0433\\u0430\\u043b\\u043e\\u0432\\u043e\\u043a \\u043f\\u043e\\u0441\\u0442\\u0430 [en]\", \"\\u0417\\u0430\\u0433\\u0430\\u043b\\u043e\\u0432\\u043e\\u043a \\u043f\\u043e\\u0441\\u0442\\u0430 [kk]\"]}}]"}}, {"model": "admin.logentry", "pk": 201, "fields": {"action_time": "2021-05-07T19:27:22.457Z", "user": 2, "content_type": 11, "object_id": "5", "object_repr": "Поздравление Президента \"Shymkent высший педагогический колледж\"", "action_flag": 2, "change_message": "[{\"changed\": {\"fields\": [\"\\u0417\\u0430\\u0433\\u0430\\u043b\\u043e\\u0432\\u043e\\u043a \\u043f\\u043e\\u0441\\u0442\\u0430\", \"\\u0417\\u0430\\u0433\\u0430\\u043b\\u043e\\u0432\\u043e\\u043a \\u043f\\u043e\\u0441\\u0442\\u0430 [ru]\", \"\\u0417\\u0430\\u0433\\u0430\\u043b\\u043e\\u0432\\u043e\\u043a \\u043f\\u043e\\u0441\\u0442\\u0430 [en]\", \"\\u0417\\u0430\\u0433\\u0430\\u043b\\u043e\\u0432\\u043e\\u043a \\u043f\\u043e\\u0441\\u0442\\u0430 [kk]\"]}}]"}}, {"model": "admin.logentry", "pk": 202, "fields": {"action_time": "2021-05-07T19:28:26.782Z", "user": 2, "content_type": 11, "object_id": "5", "object_repr": "Поздравление Президента \"Shymkent высший педагогического колледжа\"", "action_flag": 2, "change_message": "[{\"changed\": {\"fields\": [\"\\u0417\\u0430\\u0433\\u0430\\u043b\\u043e\\u0432\\u043e\\u043a \\u043f\\u043e\\u0441\\u0442\\u0430\", \"\\u0417\\u0430\\u0433\\u0430\\u043b\\u043e\\u0432\\u043e\\u043a \\u043f\\u043e\\u0441\\u0442\\u0430 [ru]\"]}}]"}}, {"model": "admin.logentry", "pk": 203, "fields": {"action_time": "2021-05-07T19:29:34.347Z", "user": 2, "content_type": 11, "object_id": "5", "object_repr": "Поздравление Президента \"Shymkent высший педагогического колледжа\"", "action_flag": 2, "change_message": "[]"}}, {"model": "admin.logentry", "pk": 204, "fields": {"action_time": "2021-05-07T19:32:00.530Z", "user": 2, "content_type": 11, "object_id": "5", "object_repr": "Поздравление Президента \"Shymkent высший педагогического колледжа\"", "action_flag": 2, "change_message": "[{\"changed\": {\"fields\": [\"\\u041e\\u043f\\u0438\\u0441\\u0430\\u043d\\u0438\\u0435 \\u043f\\u043e\\u0441\\u0442\\u0430 [ru]\", \"\\u041e\\u043f\\u0438\\u0441\\u0430\\u043d\\u0438\\u0435 \\u043f\\u043e\\u0441\\u0442\\u0430 [en]\", \"\\u041e\\u043f\\u0438\\u0441\\u0430\\u043d\\u0438\\u0435 \\u043f\\u043e\\u0441\\u0442\\u0430 [kk]\"]}}]"}}, {"model": "admin.logentry", "pk": 205, "fields": {"action_time": "2021-05-07T19:33:03.225Z", "user": 2, "content_type": 11, "object_id": "5", "object_repr": "Поздравление Президента \"Shymkent высший педагогического колледжа\"", "action_flag": 2, "change_message": "[{\"changed\": {\"fields\": [\"\\u041e\\u043f\\u0438\\u0441\\u0430\\u043d\\u0438\\u0435 \\u043f\\u043e\\u0441\\u0442\\u0430 [en]\", \"\\u041e\\u043f\\u0438\\u0441\\u0430\\u043d\\u0438\\u0435 \\u043f\\u043e\\u0441\\u0442\\u0430 [kk]\"]}}]"}}, {"model": "admin.logentry", "pk": 206, "fields": {"action_time": "2021-05-07T19:33:52.801Z", "user": 2, "content_type": 11, "object_id": "5", "object_repr": "Поздравление Президента \"Shymkent высший педагогического колледжа\"", "action_flag": 2, "change_message": "[{\"changed\": {\"fields\": [\"\\u041a\\u043e\\u0433\\u0434\\u0430 \\u0441\\u043e\\u0437\\u0434\\u0430\\u043d\\u043e\"]}}]"}}, {"model": "admin.logentry", "pk": 207, "fields": {"action_time": "2021-05-07T20:12:04.928Z", "user": 2, "content_type": 11, "object_id": "5", "object_repr": "Поздравление Президента \"Shymkent высший педагогического колледжа\"", "action_flag": 3, "change_message": ""}}, {"model": "admin.logentry", "pk": 208, "fields": {"action_time": "2021-05-20T03:55:54.131Z", "user": 2, "content_type": 20, "object_id": "47", "object_repr": "Высший педагогический колледж Shymkent", "action_flag": 1, "change_message": "[{\"added\": {}}]"}}, {"model": "admin.logentry", "pk": 209, "fields": {"action_time": "2021-05-20T03:56:31.888Z", "user": 2, "content_type": 20, "object_id": "47", "object_repr": "Высший педагогический колледж Shymkent", "action_flag": 3, "change_message": ""}}, {"model": "admin.logentry", "pk": 210, "fields": {"action_time": "2021-05-20T03:57:52.151Z", "user": 2, "content_type": 20, "object_id": "48", "object_repr": "Высший педагогический колледж Shymkent", "action_flag": 1, "change_message": "[{\"added\": {}}]"}}, {"model": "admin.logentry", "pk": 211, "fields": {"action_time": "2021-05-20T03:59:12.494Z", "user": 2, "content_type": 20, "object_id": "50", "object_repr": "Высший педагогический колледж Shymkent", "action_flag": 1, "change_message": "[{\"added\": {}}]"}}, {"model": "admin.logentry", "pk": 212, "fields": {"action_time": "2021-05-20T04:00:35.018Z", "user": 2, "content_type": 20, "object_id": "51", "object_repr": "Высший педагогический колледж Shymkent", "action_flag": 1, "change_message": "[{\"added\": {}}]"}}, {"model": "admin.logentry", "pk": 213, "fields": {"action_time": "2021-05-20T04:02:32.975Z", "user": 2, "content_type": 20, "object_id": "52", "object_repr": "Высший педагогический колледж Shymkent", "action_flag": 1, "change_message": "[{\"added\": {}}]"}}, {"model": "admin.logentry", "pk": 214, "fields": {"action_time": "2021-05-20T04:03:31.639Z", "user": 2, "content_type": 20, "object_id": "53", "object_repr": "Высший педагогический колледж Shymkent", "action_flag": 1, "change_message": "[{\"added\": {}}]"}}, {"model": "admin.logentry", "pk": 215, "fields": {"action_time": "2021-05-20T04:04:30.520Z", "user": 2, "content_type": 20, "object_id": "54", "object_repr": "Высший педагогический колледж Shymkent", "action_flag": 1, "change_message": "[{\"added\": {}}]"}}, {"model": "admin.logentry", "pk": 216, "fields": {"action_time": "2021-05-20T04:22:39.616Z", "user": 2, "content_type": 15, "object_id": "13", "object_repr": "06130100 Бағдарламалық қамтамасыз ету (түрлері бойынша)", "action_flag": 2, "change_message": "[]"}}, {"model": "auth.permission", "pk": 1, "fields": {"name": "Can add log entry", "content_type": 1, "codename": "add_logentry"}}, {"model": "auth.permission", "pk": 2, "fields": {"name": "Can change log entry", "content_type": 1, "codename": "change_logentry"}}, {"model": "auth.permission", "pk": 3, "fields": {"name": "Can delete log entry", "content_type": 1, "codename": "delete_logentry"}}, {"model": "auth.permission", "pk": 4, "fields": {"name": "Can view log entry", "content_type": 1, "codename": "view_logentry"}}, {"model": "auth.permission", "pk": 5, "fields": {"name": "Can add permission", "content_type": 2, "codename": "add_permission"}}, {"model": "auth.permission", "pk": 6, "fields": {"name": "Can change permission", "content_type": 2, "codename": "change_permission"}}, {"model": "auth.permission", "pk": 7, "fields": {"name": "Can delete permission", "content_type": 2, "codename": "delete_permission"}}, {"model": "auth.permission", "pk": 8, "fields": {"name": "Can view permission", "content_type": 2, "codename": "view_permission"}}, {"model": "auth.permission", "pk": 9, "fields": {"name": "Can add group", "content_type": 3, "codename": "add_group"}}, {"model": "auth.permission", "pk": 10, "fields": {"name": "Can change group", "content_type": 3, "codename": "change_group"}}, {"model": "auth.permission", "pk": 11, "fields": {"name": "Can delete group", "content_type": 3, "codename": "delete_group"}}, {"model": "auth.permission", "pk": 12, "fields": {"name": "Can view group", "content_type": 3, "codename": "view_group"}}, {"model": "auth.permission", "pk": 13, "fields": {"name": "Can add user", "content_type": 4, "codename": "add_user"}}, {"model": "auth.permission", "pk": 14, "fields": {"name": "Can change user", "content_type": 4, "codename": "change_user"}}, {"model": "auth.permission", "pk": 15, "fields": {"name": "Can delete user", "content_type": 4, "codename": "delete_user"}}, {"model": "auth.permission", "pk": 16, "fields": {"name": "Can view user", "content_type": 4, "codename": "view_user"}}, {"model": "auth.permission", "pk": 17, "fields": {"name": "Can add content type", "content_type": 5, "codename": "add_contenttype"}}, {"model": "auth.permission", "pk": 18, "fields": {"name": "Can change content type", "content_type": 5, "codename": "change_contenttype"}}, {"model": "auth.permission", "pk": 19, "fields": {"name": "Can delete content type", "content_type": 5, "codename": "delete_contenttype"}}, {"model": "auth.permission", "pk": 20, "fields": {"name": "Can view content type", "content_type": 5, "codename": "view_contenttype"}}, {"model": "auth.permission", "pk": 21, "fields": {"name": "Can add session", "content_type": 6, "codename": "add_session"}}, {"model": "auth.permission", "pk": 22, "fields": {"name": "Can change session", "content_type": 6, "codename": "change_session"}}, {"model": "auth.permission", "pk": 23, "fields": {"name": "Can delete session", "content_type": 6, "codename": "delete_session"}}, {"model": "auth.permission", "pk": 24, "fields": {"name": "Can view session", "content_type": 6, "codename": "view_session"}}, {"model": "auth.permission", "pk": 25, "fields": {"name": "Can add Преподаватель колледжа", "content_type": 7, "codename": "add_employees"}}, {"model": "auth.permission", "pk": 26, "fields": {"name": "Can change Преподаватель колледжа", "content_type": 7, "codename": "change_employees"}}, {"model": "auth.permission", "pk": 27, "fields": {"name": "Can delete Преподаватель колледжа", "content_type": 7, "codename": "delete_employees"}}, {"model": "auth.permission", "pk": 28, "fields": {"name": "Can view Преподаватель колледжа", "content_type": 7, "codename": "view_employees"}}, {"model": "auth.permission", "pk": 29, "fields": {"name": "Can add Руководство колледжа", "content_type": 8, "codename": "add_government"}}, {"model": "auth.permission", "pk": 30, "fields": {"name": "Can change Руководство колледжа", "content_type": 8, "codename": "change_government"}}, {"model": "auth.permission", "pk": 31, "fields": {"name": "Can delete Руководство колледжа", "content_type": 8, "codename": "delete_government"}}, {"model": "auth.permission", "pk": 32, "fields": {"name": "Can view Руководство колледжа", "content_type": 8, "codename": "view_government"}}, {"model": "auth.permission", "pk": 33, "fields": {"name": "Can add Лайк к преподавателю", "content_type": 9, "codename": "add_employeeslikes"}}, {"model": "auth.permission", "pk": 34, "fields": {"name": "Can change Лайк к преподавателю", "content_type": 9, "codename": "change_employeeslikes"}}, {"model": "auth.permission", "pk": 35, "fields": {"name": "Can delete Лайк к преподавателю", "content_type": 9, "codename": "delete_employeeslikes"}}, {"model": "auth.permission", "pk": 36, "fields": {"name": "Can view Лайк к преподавателю", "content_type": 9, "codename": "view_employeeslikes"}}, {"model": "auth.permission", "pk": 37, "fields": {"name": "Can add Категория новости", "content_type": 10, "codename": "add_newscategory"}}, {"model": "auth.permission", "pk": 38, "fields": {"name": "Can change Категория новости", "content_type": 10, "codename": "change_newscategory"}}, {"model": "auth.permission", "pk": 39, "fields": {"name": "Can delete Категория новости", "content_type": 10, "codename": "delete_newscategory"}}, {"model": "auth.permission", "pk": 40, "fields": {"name": "Can view Категория новости", "content_type": 10, "codename": "view_newscategory"}}, {"model": "auth.permission", "pk": 41, "fields": {"name": "Can add Новость", "content_type": 11, "codename": "add_newspost"}}, {"model": "auth.permission", "pk": 42, "fields": {"name": "Can change Новость", "content_type": 11, "codename": "change_newspost"}}, {"model": "auth.permission", "pk": 43, "fields": {"name": "Can delete Новость", "content_type": 11, "codename": "delete_newspost"}}, {"model": "auth.permission", "pk": 44, "fields": {"name": "Can view Новость", "content_type": 11, "codename": "view_newspost"}}, {"model": "auth.permission", "pk": 45, "fields": {"name": "Can add Лайк к новостью", "content_type": 12, "codename": "add_newslikes"}}, {"model": "auth.permission", "pk": 46, "fields": {"name": "Can change Лайк к новостью", "content_type": 12, "codename": "change_newslikes"}}, {"model": "auth.permission", "pk": 47, "fields": {"name": "Can delete Лайк к новостью", "content_type": 12, "codename": "delete_newslikes"}}, {"model": "auth.permission", "pk": 48, "fields": {"name": "Can view Лайк к новостью", "content_type": 12, "codename": "view_newslikes"}}, {"model": "auth.permission", "pk": 49, "fields": {"name": "Can add Коментарий к новостью", "content_type": 13, "codename": "add_newscomment"}}, {"model": "auth.permission", "pk": 50, "fields": {"name": "Can change Коментарий к новостью", "content_type": 13, "codename": "change_newscomment"}}, {"model": "auth.permission", "pk": 51, "fields": {"name": "Can delete Коментарий к новостью", "content_type": 13, "codename": "delete_newscomment"}}, {"model": "auth.permission", "pk": 52, "fields": {"name": "Can view Коментарий к новостью", "content_type": 13, "codename": "view_newscomment"}}, {"model": "auth.permission", "pk": 53, "fields": {"name": "Can add 01 Профиль", "content_type": 14, "codename": "add_section"}}, {"model": "auth.permission", "pk": 54, "fields": {"name": "Can change 01 Профиль", "content_type": 14, "codename": "change_section"}}, {"model": "auth.permission", "pk": 55, "fields": {"name": "Can delete 01 Профиль", "content_type": 14, "codename": "delete_section"}}, {"model": "auth.permission", "pk": 56, "fields": {"name": "Can view 01 Профиль", "content_type": 14, "codename": "view_section"}}, {"model": "auth.permission", "pk": 57, "fields": {"name": "Can add 03 Специализация", "content_type": 15, "codename": "add_specialization"}}, {"model": "auth.permission", "pk": 58, "fields": {"name": "Can change 03 Специализация", "content_type": 15, "codename": "change_specialization"}}, {"model": "auth.permission", "pk": 59, "fields": {"name": "Can delete 03 Специализация", "content_type": 15, "codename": "delete_specialization"}}, {"model": "auth.permission", "pk": 60, "fields": {"name": "Can view 03 Специализация", "content_type": 15, "codename": "view_specialization"}}, {"model": "auth.permission", "pk": 61, "fields": {"name": "Can add 02 Подпрофиль", "content_type": 16, "codename": "add_subsection"}}, {"model": "auth.permission", "pk": 62, "fields": {"name": "Can change 02 Подпрофиль", "content_type": 16, "codename": "change_subsection"}}, {"model": "auth.permission", "pk": 63, "fields": {"name": "Can delete 02 Подпрофиль", "content_type": 16, "codename": "delete_subsection"}}, {"model": "auth.permission", "pk": 64, "fields": {"name": "Can view 02 Подпрофиль", "content_type": 16, "codename": "view_subsection"}}, {"model": "auth.permission", "pk": 65, "fields": {"name": "Can add Вопрос к специализаций", "content_type": 17, "codename": "add_specializationfaq"}}, {"model": "auth.permission", "pk": 66, "fields": {"name": "Can change Вопрос к специализаций", "content_type": 17, "codename": "change_specializationfaq"}}, {"model": "auth.permission", "pk": 67, "fields": {"name": "Can delete Вопрос к специализаций", "content_type": 17, "codename": "delete_specializationfaq"}}, {"model": "auth.permission", "pk": 68, "fields": {"name": "Can view Вопрос к специализаций", "content_type": 17, "codename": "view_specializationfaq"}}, {"model": "auth.permission", "pk": 69, "fields": {"name": "Can add Коментарий к специализацию", "content_type": 18, "codename": "add_specializationcomment"}}, {"model": "auth.permission", "pk": 70, "fields": {"name": "Can change Коментарий к специализацию", "content_type": 18, "codename": "change_specializationcomment"}}, {"model": "auth.permission", "pk": 71, "fields": {"name": "Can delete Коментарий к специализацию", "content_type": 18, "codename": "delete_specializationcomment"}}, {"model": "auth.permission", "pk": 72, "fields": {"name": "Can view Коментарий к специализацию", "content_type": 18, "codename": "view_specializationcomment"}}, {"model": "auth.permission", "pk": 73, "fields": {"name": "Can add 04 Квалификация", "content_type": 19, "codename": "add_qualification"}}, {"model": "auth.permission", "pk": 74, "fields": {"name": "Can change 04 Квалификация", "content_type": 19, "codename": "change_qualification"}}, {"model": "auth.permission", "pk": 75, "fields": {"name": "Can delete 04 Квалификация", "content_type": 19, "codename": "delete_qualification"}}, {"model": "auth.permission", "pk": 76, "fields": {"name": "Can view 04 Квалификация", "content_type": 19, "codename": "view_qualification"}}, {"model": "auth.permission", "pk": 77, "fields": {"name": "Can add Галерея", "content_type": 20, "codename": "add_gallerypost"}}, {"model": "auth.permission", "pk": 78, "fields": {"name": "Can change Галерея", "content_type": 20, "codename": "change_gallerypost"}}, {"model": "auth.permission", "pk": 79, "fields": {"name": "Can delete Галерея", "content_type": 20, "codename": "delete_gallerypost"}}, {"model": "auth.permission", "pk": 80, "fields": {"name": "Can view Галерея", "content_type": 20, "codename": "view_gallerypost"}}, {"model": "auth.permission", "pk": 81, "fields": {"name": "Can add widget only text", "content_type": 21, "codename": "add_widgetonlytext"}}, {"model": "auth.permission", "pk": 82, "fields": {"name": "Can change widget only text", "content_type": 21, "codename": "change_widgetonlytext"}}, {"model": "auth.permission", "pk": 83, "fields": {"name": "Can delete widget only text", "content_type": 21, "codename": "delete_widgetonlytext"}}, {"model": "auth.permission", "pk": 84, "fields": {"name": "Can view widget only text", "content_type": 21, "codename": "view_widgetonlytext"}}, {"model": "auth.permission", "pk": 85, "fields": {"name": "Can add widget photo", "content_type": 22, "codename": "add_widgetphoto"}}, {"model": "auth.permission", "pk": 86, "fields": {"name": "Can change widget photo", "content_type": 22, "codename": "change_widgetphoto"}}, {"model": "auth.permission", "pk": 87, "fields": {"name": "Can delete widget photo", "content_type": 22, "codename": "delete_widgetphoto"}}, {"model": "auth.permission", "pk": 88, "fields": {"name": "Can view widget photo", "content_type": 22, "codename": "view_widgetphoto"}}, {"model": "auth.permission", "pk": 89, "fields": {"name": "Can add widget text", "content_type": 23, "codename": "add_widgettext"}}, {"model": "auth.permission", "pk": 90, "fields": {"name": "Can change widget text", "content_type": 23, "codename": "change_widgettext"}}, {"model": "auth.permission", "pk": 91, "fields": {"name": "Can delete widget text", "content_type": 23, "codename": "delete_widgettext"}}, {"model": "auth.permission", "pk": 92, "fields": {"name": "Can view widget text", "content_type": 23, "codename": "view_widgettext"}}, {"model": "auth.permission", "pk": 93, "fields": {"name": "Can add widget galery", "content_type": 24, "codename": "add_widgetgalery"}}, {"model": "auth.permission", "pk": 94, "fields": {"name": "Can change widget galery", "content_type": 24, "codename": "change_widgetgalery"}}, {"model": "auth.permission", "pk": 95, "fields": {"name": "Can delete widget galery", "content_type": 24, "codename": "delete_widgetgalery"}}, {"model": "auth.permission", "pk": 96, "fields": {"name": "Can view widget galery", "content_type": 24, "codename": "view_widgetgalery"}}, {"model": "auth.permission", "pk": 97, "fields": {"name": "Can add widget gallery photos", "content_type": 25, "codename": "add_widgetgalleryphotos"}}, {"model": "auth.permission", "pk": 98, "fields": {"name": "Can change widget gallery photos", "content_type": 25, "codename": "change_widgetgalleryphotos"}}, {"model": "auth.permission", "pk": 99, "fields": {"name": "Can delete widget gallery photos", "content_type": 25, "codename": "delete_widgetgalleryphotos"}}, {"model": "auth.permission", "pk": 100, "fields": {"name": "Can view widget gallery photos", "content_type": 25, "codename": "view_widgetgalleryphotos"}}, {"model": "auth.permission", "pk": 101, "fields": {"name": "Can add widget", "content_type": 26, "codename": "add_widget"}}, {"model": "auth.permission", "pk": 102, "fields": {"name": "Can change widget", "content_type": 26, "codename": "change_widget"}}, {"model": "auth.permission", "pk": 103, "fields": {"name": "Can delete widget", "content_type": 26, "codename": "delete_widget"}}, {"model": "auth.permission", "pk": 104, "fields": {"name": "Can view widget", "content_type": 26, "codename": "view_widget"}}, {"model": "auth.permission", "pk": 105, "fields": {"name": "Can add Категория Страницы", "content_type": 27, "codename": "add_pagecategory"}}, {"model": "auth.permission", "pk": 106, "fields": {"name": "Can change Категория Страницы", "content_type": 27, "codename": "change_pagecategory"}}, {"model": "auth.permission", "pk": 107, "fields": {"name": "Can delete Категория Страницы", "content_type": 27, "codename": "delete_pagecategory"}}, {"model": "auth.permission", "pk": 108, "fields": {"name": "Can view Категория Страницы", "content_type": 27, "codename": "view_pagecategory"}}, {"model": "auth.permission", "pk": 109, "fields": {"name": "Can add Страница", "content_type": 28, "codename": "add_page"}}, {"model": "auth.permission", "pk": 110, "fields": {"name": "Can change Страница", "content_type": 28, "codename": "change_page"}}, {"model": "auth.permission", "pk": 111, "fields": {"name": "Can delete Страница", "content_type": 28, "codename": "delete_page"}}, {"model": "auth.permission", "pk": 112, "fields": {"name": "Can view Страница", "content_type": 28, "codename": "view_page"}}, {"model": "auth.user", "pk": 1, "fields": {"password": "pbkdf2_sha256$216000$cnzsL5JNfPZT$tY6GhGNEElz3prNMA40pUkdlnvq9I97+B9YTcvr6Bkc=", "last_login": "2021-05-20T04:24:29.677Z", "is_superuser": true, "username": "bakdaulet", "first_name": "", "last_name": "", "email": "", "is_staff": true, "is_active": true, "date_joined": "2021-04-06T06:57:25.146Z", "groups": [], "user_permissions": []}}, {"model": "auth.user", "pk": 2, "fields": {"password": "pbkdf2_sha256$216000$oxMhsQ2L7Hi5$M/JNiFrTCQfjYhM0x/ORXROTS/aa4xrDkiPtkUjc10c=", "last_login": "2021-05-20T03:46:55.551Z", "is_superuser": false, "username": "babur", "first_name": "", "last_name": "", "email": "", "is_staff": true, "is_active": true, "date_joined": "2021-04-06T09:07:11Z", "groups": [], "user_permissions": [25, 26, 27, 28, 29, 30, 31, 32, 77, 78, 79, 80, 37, 38, 39, 40, 41, 42, 43, 44, 109, 110, 111, 112, 105, 106, 107, 108, 73, 74, 75, 76, 53, 54, 55, 56, 57, 58, 59, 60, 65, 66, 67, 68, 61, 62, 63, 64]}}, {"model": "contenttypes.contenttype", "pk": 1, "fields": {"app_label": "admin", "model": "logentry"}}, {"model": "contenttypes.contenttype", "pk": 2, "fields": {"app_label": "auth", "model": "permission"}}, {"model": "contenttypes.contenttype", "pk": 3, "fields": {"app_label": "auth", "model": "group"}}, {"model": "contenttypes.contenttype", "pk": 4, "fields": {"app_label": "auth", "model": "user"}}, {"model": "contenttypes.contenttype", "pk": 5, "fields": {"app_label": "contenttypes", "model": "contenttype"}}, {"model": "contenttypes.contenttype", "pk": 6, "fields": {"app_label": "sessions", "model": "session"}}, {"model": "contenttypes.contenttype", "pk": 7, "fields": {"app_label": "employeesapp", "model": "employees"}}, {"model": "contenttypes.contenttype", "pk": 8, "fields": {"app_label": "employeesapp", "model": "government"}}, {"model": "contenttypes.contenttype", "pk": 9, "fields": {"app_label": "employeesapp", "model": "employeeslikes"}}, {"model": "contenttypes.contenttype", "pk": 10, "fields": {"app_label": "newsapp", "model": "newscategory"}}, {"model": "contenttypes.contenttype", "pk": 11, "fields": {"app_label": "newsapp", "model": "newspost"}}, {"model": "contenttypes.contenttype", "pk": 12, "fields": {"app_label": "newsapp", "model": "newslikes"}}, {"model": "contenttypes.contenttype", "pk": 13, "fields": {"app_label": "newsapp", "model": "newscomment"}}, {"model": "contenttypes.contenttype", "pk": 14, "fields": {"app_label": "specializationapp", "model": "section"}}, {"model": "contenttypes.contenttype", "pk": 15, "fields": {"app_label": "specializationapp", "model": "specialization"}}, {"model": "contenttypes.contenttype", "pk": 16, "fields": {"app_label": "specializationapp", "model": "subsection"}}, {"model": "contenttypes.contenttype", "pk": 17, "fields": {"app_label": "specializationapp", "model": "specializationfaq"}}, {"model": "contenttypes.contenttype", "pk": 18, "fields": {"app_label": "specializationapp", "model": "specializationcomment"}}, {"model": "contenttypes.contenttype", "pk": 19, "fields": {"app_label": "specializationapp", "model": "qualification"}}, {"model": "contenttypes.contenttype", "pk": 20, "fields": {"app_label": "newsapp", "model": "gallerypost"}}, {"model": "contenttypes.contenttype", "pk": 21, "fields": {"app_label": "page", "model": "widgetonlytext"}}, {"model": "contenttypes.contenttype", "pk": 22, "fields": {"app_label": "page", "model": "widgetphoto"}}, {"model": "contenttypes.contenttype", "pk": 23, "fields": {"app_label": "page", "model": "widgettext"}}, {"model": "contenttypes.contenttype", "pk": 24, "fields": {"app_label": "page", "model": "widgetgalery"}}, {"model": "contenttypes.contenttype", "pk": 25, "fields": {"app_label": "page", "model": "widgetgalleryphotos"}}, {"model": "contenttypes.contenttype", "pk": 26, "fields": {"app_label": "page", "model": "widget"}}, {"model": "contenttypes.contenttype", "pk": 27, "fields": {"app_label": "page", "model": "pagecategory"}}, {"model": "contenttypes.contenttype", "pk": 28, "fields": {"app_label": "page", "model": "page"}}, {"model": "sessions.session", "pk": "02a47jmma7yao0ogsnrn4ro379sc6s9n", "fields": {"session_data": ".eJxVjEEOwiAQRe_C2hCgTKEu3XsGMsyAVA0kpV0Z765NutDtf-_9lwi4rSVsPS1hZnEWWpx-t4j0SHUHfMd6a5JaXZc5yl2RB-3y2jg9L4f7d1Cwl2-NmhzqbMFiUuCypsHARIkInPURPBr2pIwZdOaB7ZiBdY4wjVZlcCjeH-sON_o:1lcX4b:m0iuZhFSs5--Cx32gwrSvnd1xQNjQRi9-0hGFGSe3EY", "expire_date": "2021-05-14T17:37:05.985Z"}}, {"model": "sessions.session", "pk": "08v192j82cmeolkm8y6yg9rl78fgs9a2", "fields": {"session_data": "eyJfbGFuZ3VhZ2UiOiJrayJ9:1lYNOq:L5zmN7_ws7S9_Ds9fMZWgs_f4Uc4BGq0xMcONFfx67U", "expire_date": "2021-05-03T06:28:48.460Z"}}, {"model": "sessions.session", "pk": "22tchhj2nds216jcljwz7va5o36yg6xz", "fields": {"session_data": ".eJxVjEEOwiAQRe_C2hCgTKEu3XsGMsyAVA0kpV0Z765NutDtf-_9lwi4rSVsPS1hZnEWWpx-t4j0SHUHfMd6a5JaXZc5yl2RB-3y2jg9L4f7d1Cwl2-NmhzqbMFiUuCypsHARIkInPURPBr2pIwZdOaB7ZiBdY4wjVZlcCjeH-sON_o:1ljaEX:ehnUwZvd3Wv8-m8GTFx_Gw6fEhACIjAOqtSY1IcJM0w", "expire_date": "2021-06-03T04:24:29.683Z"}}, {"model": "sessions.session", "pk": "2d1md7x8bxqrusnzyqbklj5aewgqb1hu", "fields": {"session_data": ".eJxVjEEOwiAQRe_C2hCgTKEu3XsGMsyAVA0kpV0Z765NutDtf-_9lwi4rSVsPS1hZnEWWpx-t4j0SHUHfMd6a5JaXZc5yl2RB-3y2jg9L4f7d1Cwl2-NmhzqbMFiUuCypsHARIkInPURPBr2pIwZdOaB7ZiBdY4wjVZlcCjeH-sON_o:1lcFJo:CTOp18OARatxLo31WmYnmSMiVlrbSLQsPrnxqRfcuyU", "expire_date": "2021-05-13T22:39:36.792Z"}}, {"model": "sessions.session", "pk": "4orn51cmdgezdhlelv27nzb2f9j1y96b", "fields": {"session_data": ".eJxVjDkOgzAUBe_iOrIwtvmQMj1nsP7GkiCQAFdR7h6QaGjnzbyvSRPOfcZezdOs2TxMwrwPKW-6plEOWN4ZIX90Pgd5H-VieZn3dSR7KvZaN9suotPrcm8HA27DUaMLRKJdFaBWLkCcl7KKxECBOs_eszTYaOlYIRRREaLX2NQEDisG8_sD52A-Cw:1lThnP:MrArkIZk9hMPEiXgxG1oKwlPAtPMX-9q5JxXMznvpdM", "expire_date": "2021-04-20T09:14:51.369Z"}}, {"model": "sessions.session", "pk": "7l5lzp8gsqtoaf8t432g1353n227u5p1", "fields": {"session_data": "eyJfbGFuZ3VhZ2UiOiJydSJ9:1leUz2:dpJDZn_S6xOjd3NlKe-Cvag0e3dO0xwm9XplA58YUls", "expire_date": "2021-05-20T03:47:28.557Z"}}, {"model": "sessions.session", "pk": "83kwl33467mqqgze394nsgtelvem14jd", "fields": {"session_data": "eyJfbGFuZ3VhZ2UiOiJrayJ9:1lgNNa:aNzuoiDTHPR4yxvXfM4tS5Aze2fHJY6ImqmpHTSy0eY", "expire_date": "2021-05-25T08:04:34.201Z"}}, {"model": "sessions.session", "pk": "8q7bk93xm21u2ql23d3ktcx2zsolp7jy", "fields": {"session_data": ".eJxVjjEOgzAQBP_iOrJ8xochZfq8AZ3vbCAgkDBUUf4eLFEk7c7uaN-qo2MfuiPHrRtF3RWo228WiKe4FCAvWvpV87rs2xh0qeiLZv1cJc6Pq_snGCgP55qAPUFy6Cga9Am4sthyZEbvmoANWWnYWFtBkkpcnVAgBWxrZxJ6KtL5PHBQH0_dNKnPF9GqPWE:1lc65s:ZFtymLJAv3z-gdwiuM8PGikAhW6L6T4xflsd6WTepsg", "expire_date": "2021-05-13T12:48:36.813Z"}}, {"model": "sessions.session", "pk": "9uo50386xvbv09ytni2jxlshdh6fjr6z", "fields": {"session_data": "eyJfbGFuZ3VhZ2UiOiJlbiJ9:1lZYyJ:nDitLUkLVJdtYxLI_Fn7A-tTnxAOKAbmTykVTODEsyg", "expire_date": "2021-05-06T13:02:19.756Z"}}, {"model": "sessions.session", "pk": "alufw8p6ohgzhwfrlqifdbtjmj7xm6jv", "fields": {"session_data": "eyJfbGFuZ3VhZ2UiOiJydSJ9:1ljE9e:sHAbMpkCSMIPPWrgYAM8KiyTb8cdOMSWtRChFaBrMKY", "expire_date": "2021-06-02T04:49:58.957Z"}}, {"model": "sessions.session", "pk": "bmcojlhrqsxhqsmjs5dbb4k0104azpar", "fields": {"session_data": ".eJxVjEEOgyAQRe_CuiGCjGCX3XsGMsyA2hpNUFZN715M3Lh9_73_FX7BdSw4RvEUuYiH8FiOyZc9Zj9zherOAtInrufA71pukrb1yHOQpyKvdZfDxnF5Xe7tYMJ9qjUqsqiSAYOxAZsUtRp6ikRgjQvgULOjRutWJW7ZdAlYpQB9Z5oEFsXvD8mXPXI:1lYLlv:BLUmZP2MCCtqZljLKTQaEjF6S00v34llGQ8AV8kp5Vg", "expire_date": "2021-05-03T04:44:31.986Z"}}, {"model": "sessions.session", "pk": "bp2l35a2knhgtejjwq6874xos5b9ggll", "fields": {"session_data": ".eJxVjEEOwiAQRe_C2hCgTKEu3XsGMsyAVA0kpV0Z765NutDtf-_9lwi4rSVsPS1hZnEWWpx-t4j0SHUHfMd6a5JaXZc5yl2RB-3y2jg9L4f7d1Cwl2-NmhzqbMFiUuCypsHARIkInPURPBr2pIwZdOaB7ZiBdY4wjVZlcCjeH-sON_o:1lddyT:sMDakilHy3wZr-cvD3tsmxS1ZXftrSHQt6VKLvXTK4U", "expire_date": "2021-05-17T19:11:21.632Z"}}, {"model": "sessions.session", "pk": "c8cyulvx4f3x5d1sxwfrw6f1zyfz964o", "fields": {"session_data": "eyJfbGFuZ3VhZ2UiOiJydSJ9:1lixbQ:zwf4kuD0zDrmLconuFPb3SAt31gRf2esREMySavoSx0", "expire_date": "2021-06-01T11:09:32.928Z"}}, {"model": "sessions.session", "pk": "cia95wzt13h87fvrzjw8mnaxs9f0em7p", "fields": {"session_data": ".eJxVjEEOwiAQRe_C2hCgTKEu3XsGMsyAVA0kpV0Z765NutDtf-_9lwi4rSVsPS1hZnEWWpx-t4j0SHUHfMd6a5JaXZc5yl2RB-3y2jg9L4f7d1Cwl2-NmhzqbMFiUuCypsHARIkInPURPBr2pIwZdOaB7ZiBdY4wjVZlcCjeH-sON_o:1lbczM:R8Ca0vPzuw-h3sbF-p0jPCQKaxqtyjler7woxRu6kNM", "expire_date": "2021-05-12T05:43:56.425Z"}}, {"model": "sessions.session", "pk": "efuhxw1lu5jmhiaczjhy9qtzgixyf6s7", "fields": {"session_data": ".eJxVjLsOgkAUBf9la7Nhn5e1tPcbyH0hqIGEhcr470pCoe2ZmfMyHW7r0G1Vl24UczbenH43Qn7otAO543SbLc_Tuoxkd8UetNrrLPq8HO7fwYB1-NboIpFonyO0yg2IC-JzIgaK1AcOgaVgUe9YITZJEVLQVFoCh5nBvD8I5jiT:1lUSxv:s5nEK_IIKlIQrmnthHU6D4ADlX6bi7P-X15k8jl6ws4", "expire_date": "2021-04-22T11:36:51.726Z"}}, {"model": "sessions.session", "pk": "eyg1vqce50oa2r73lx61cezju8rq1ivt", "fields": {"session_data": "eyJfbGFuZ3VhZ2UiOiJrayJ9:1lUT44:x2Z_N7TGKcFA_lah3ps4Hqs3Ia4Vu1LiSWvh8RfVc08", "expire_date": "2021-04-22T11:43:12.293Z"}}, {"model": "sessions.session", "pk": "f08yhyr1gy300u94k5gykeghpjwrk7rt", "fields": {"session_data": "eyJfbGFuZ3VhZ2UiOiJydSJ9:1lYMSI:qBatUbbBp-a7CJA83j1UGR23O44BjVatBNEXfu-dCJc", "expire_date": "2021-05-03T05:28:18.548Z"}}, {"model": "sessions.session", "pk": "filiuhjq7yzew16eijuocb1824cfyxea", "fields": {"session_data": "eyJfbGFuZ3VhZ2UiOiJrayJ9:1lZ3g4:mrCka-VLNuf5izwhwxfbip1347A15jigSBEBShwClmg", "expire_date": "2021-05-05T03:37:24.150Z"}}, {"model": "sessions.session", "pk": "iy2r3be4r868bnui2cmc0fjjn1i8616u", "fields": {"session_data": ".eJxVjMsOgyAQRf-FdUMU5NVl934DGWZAbI0mIqum_15M3Lg95577ZX6BdaowRfZke2UP5qEe2dcSdz9Tg-LOAuAnrqegdys3jtt67HPg54RftvBxo7i8ru3tIEPJrU6opBiCBWtggF4H6tDKZCwYjb0UYXBGuE6TkU4RNSzRJsI-KaOUc-z3B71tPQk:1lbeX4:2gP9QZehjY3W2JpA8QuaacUi8l9I_AZ4HdHHruKQy20", "expire_date": "2021-05-12T07:22:50.808Z"}}, {"model": "sessions.session", "pk": "kdx7amxlatvy8klm4wpllyhdqisk0ld8", "fields": {"session_data": "eyJfbGFuZ3VhZ2UiOiJrayJ9:1lXFss:wBOxPCxAEwmOuJo0FzRKeH6QXA2l-Q3ElxPBTL_VaNg", "expire_date": "2021-04-30T04:15:10.129Z"}}, {"model": "sessions.session", "pk": "mzwfcib0mt8vavshr93hz4xgd0vm98dy", "fields": {"session_data": "eyJfbGFuZ3VhZ2UiOiJlbiJ9:1lc2j1:YDe-U0spmTnab1Z2NSpM4BYqfdRwj-1CdJuPKdRri_g", "expire_date": "2021-05-13T09:12:47.027Z"}}, {"model": "sessions.session", "pk": "nf14afyud5fy2cix82cqh0azqrtoxtci", "fields": {"session_data": ".eJxVjEEOgyAQRe_CuiGCjGCX3XsGMsyA2hpNUFZN715M3Lh9_73_FX7BdSw4RvEUuYiH8FiOyZc9Zj9zherOAtInrufA71pukrb1yHOQpyKvdZfDxnF5Xe7tYMJ9qjUqsqiSAYOxAZsUtRp6ikRgjQvgULOjRutWJW7ZdAlYpQB9Z5oEFsXvD8mXPXI:1lU9iN:gxroQBFAeeZYvUTqDGevHAo4Nb2kHhanIWCtEwhl8us", "expire_date": "2021-04-21T15:03:31.959Z"}}, {"model": "sessions.session", "pk": "pp6x7xwu3xqb82dkxrw85dvlc0hlnh03", "fields": {"session_data": "eyJfbGFuZ3VhZ2UiOiJrayJ9:1lWea2:rL4JShEMRW-TY9kfA3IdSI07JOmO3Ub2RSXjsdAoJak", "expire_date": "2021-04-28T12:25:14.537Z"}}, {"model": "sessions.session", "pk": "rvrv7r5ltnr3w9imnwo9jvs0shso70c3", "fields": {"session_data": ".eJxVjEEOgyAQRe_CuiGCjGCX3XsGMsyA2hpNUFZN715M3Lh9_73_FX7BdSw4RvEUuYiH8FiOyZc9Zj9zherOAtInrufA71pukrb1yHOQpyKvdZfDxnF5Xe7tYMJ9qjUqsqiSAYOxAZsUtRp6ikRgjQvgULOjRutWJW7ZdAlYpQB9Z5oEFsXvD8mXPXI:1lWXJt:Aqzy-CI9b5UmRRPFpo8XvMkajkr_hz8IXdi7uVLhEqY", "expire_date": "2021-04-28T04:40:05.651Z"}}, {"model": "sessions.session", "pk": "skfp6rv5mlfieaed9ja49dkltnz6bsf0", "fields": {"session_data": "eyJfbGFuZ3VhZ2UiOiJrayJ9:1lbdxc:3jF5csurlwdxwQ1nnuejTaqrkZ5a2sBDCy1dSxp-e68", "expire_date": "2021-05-12T06:46:12.909Z"}}, {"model": "sessions.session", "pk": "tittxo7fiwkcpa2av55akzmtqluc0b65", "fields": {"session_data": ".eJxVjMsOgyAQRf-FdUMU5NVl934DGWZAbI0mIqum_15M3Lg95577ZX6BdaowRfZke2UP5qEe2dcSdz9Tg-LOAuAnrqegdys3jtt67HPg54RftvBxo7i8ru3tIEPJrU6opBiCBWtggF4H6tDKZCwYjb0UYXBGuE6TkU4RNSzRJsI-KaOUc-z3B71tPQk:1lf6EA:xWWutsaINFyulU6Knr94TJ2ve3qWPIDT9u6XRhG-eoE", "expire_date": "2021-05-21T19:33:34.919Z"}}, {"model": "sessions.session", "pk": "uuqjwnvac7whcwt3h3p6k8cgyog93xa6", "fields": {"session_data": "eyJfbGFuZ3VhZ2UiOiJydSJ9:1ljNB7:tUdiinR0SVZ9MbplgcUrFkwAjROisXLKtH_3T2xCzYw", "expire_date": "2021-06-02T14:28:05.005Z"}}, {"model": "sessions.session", "pk": "ux7xf3dvjaitwkarkl6w6mamsno7ng8k", "fields": {"session_data": ".eJxVjDsOwjAQBe_iGlnx36akzxms9a6NA8iR4qRC3J1ESgHtzLz3ZhG2tcat5yVOxK5MsssvS4DP3A5BD2j3mePc1mVK_Ej4aTsfZ8qv29n-HVTodV8XNErq5ME70CBsogG9Ks6DsyiUTDo4GQZLTgVDtGOFvhCKYpwxIbDPF97kN5E:1ljZeB:NfzlBktqk9PHpUku09br4ggb1fpwfH-E2sFX8TQn4-c", "expire_date": "2021-06-03T03:46:55.561Z"}}, {"model": "sessions.session", "pk": "v8696ijj92od301vf3flv0qcxp77hmb9", "fields": {"session_data": "eyJfbGFuZ3VhZ2UiOiJydSJ9:1lYOH1:Ynnjn0gvAuLkQRBDHzKt5X9aSx4xDUFKCpihOV4PDqo", "expire_date": "2021-05-03T07:24:47.411Z"}}, {"model": "sessions.session", "pk": "wifg3rbpasp1dql1tp1r67dxjlmb0cqm", "fields": {"session_data": "eyJfbGFuZ3VhZ2UiOiJrayJ9:1lgOwp:Z4IJaPzuSSQCulRftc9fQrW4bfEnWyVx7aTNqUDbtaQ", "expire_date": "2021-05-25T09:45:03.624Z"}}, {"model": "sessions.session", "pk": "wx42wizzeuxzcezalcy7ukm5gpx71b90", "fields": {"session_data": ".eJxVjEEOwiAQRe_C2hCgTKEu3XsGMsyAVA0kpV0Z765NutDtf-_9lwi4rSVsPS1hZnEWWpx-t4j0SHUHfMd6a5JaXZc5yl2RB-3y2jg9L4f7d1Cwl2-NmhzqbMFiUuCypsHARIkInPURPBr2pIwZdOaB7ZiBdY4wjVZlcCjeH-sON_o:1lTlUe:qai20JIEBIHPp47P7rH6PL8tolFUGvn-ltdrs5DMgtY", "expire_date": "2021-04-20T13:11:44.901Z"}}, {"model": "sessions.session", "pk": "wx8921yhc6g1iuhp10xh4fq9p573l6z1", "fields": {"session_data": ".eJxVjjkOgzAURO_iOrIwtvmQMj1nQH9jSRBIGFdR7h6QKJJ23szTvE2HeR-7nHTrJjF3U5rbb0bIL11OIE9chtXyuuzbRPas2Ism266i8-Pq_glGTOOxRheIRPsqQK1cgDgvZRWJgQL1nr1nabDR0rFCKKIiRK-xqQkcVgyndD4OZBz00G3ZfL751j4L:1lUBC1:cwj7O1eLQAcHVcJvpoo3605D33iZdboRgKlXIgdKmOI", "expire_date": "2021-04-21T16:38:13.382Z"}}, {"model": "employeesapp.government", "pk": 1, "fields": {"name": "Юнусов Мадияр Бахтиярович", "name_ru": "Юнусов Мадияр Бахтиярович", "name_en": "Yunusov Madiyar Bakhtiyarovich", "name_kk": "Юнусов Мадияр Бахтиярович", "age": 32, "position": "Президент колледжа", "position_ru": "Президент колледжа", "position_en": "College president", "position_kk": "Колледж Президенті", "isimp": true, "about": "<p>&bull;&nbsp;&nbsp; &nbsp;Родился 30 марта 1988 года в г.Шымкент,Туркестанская область.&nbsp;<br />\r\n&bull;&nbsp;&nbsp; &nbsp;Национальность: Узбек<br />\r\n&bull;&nbsp;&nbsp; &nbsp;Женат, воспитывет 3-х детей.&nbsp;<br />\r\n&bull;&nbsp;&nbsp; &nbsp;Является членом партии &laquo;Нур Отан&raquo;.<br />\r\n&bull;&nbsp;&nbsp; &nbsp;Член-корреспондент Национальной инженерной академии Республики Казахстан (НИА РК), 2019 г. &nbsp;&nbsp; &nbsp;&nbsp;&nbsp; &nbsp;&nbsp;&nbsp; &nbsp;&nbsp;&nbsp; &nbsp;&nbsp;&nbsp; &nbsp;<br />\r\n&bull;&nbsp;&nbsp; &nbsp;В 2005 году окончил среднюю школу № 13 им. Мукими, в этом же году поступил в Южно-Казахстанский педагогический университет на специальность &laquo;Экономика&raquo;.&nbsp;<br />\r\n&bull;&nbsp;&nbsp; &nbsp;В 2009 году успешно окончил вуз &nbsp; (диплом с отличием) с присуждением степени бакалавра.&nbsp;<br />\r\n&bull;&nbsp;&nbsp; &nbsp;В 2009-2011 года обучался в магистратуре по специальности &laquo;Экономика&raquo;, окончил с дипломом с отличием. Имеет второе высшее образование по специальности &laquo;Юриспруденция&raquo;.<br />\r\n&bull;&nbsp;&nbsp; &nbsp;Является PhD докторантом Южно-Казахстанского государственного университета имени М.Ауэзова.&nbsp;<br />\r\n&bull;&nbsp;&nbsp; &nbsp;Профессиональную деятельность начал в 2009 году в должности методиста Южно-Казахстанского педагогического университета, позднее был назначен &nbsp;руководителем офис &ndash; регистратора.&nbsp;<br />\r\n&bull;&nbsp;&nbsp; &nbsp;В 2010 году был избран &nbsp;вице-президентом ЮКПУ.<br />\r\n&bull;&nbsp;&nbsp; &nbsp;В 2012 году - Президентом ЮКПУ.&nbsp;<br />\r\n&bull;&nbsp;&nbsp; &nbsp;В 2018 году &ndash; Президентом Международного университета SILKWAY. &nbsp;<br />\r\n&bull;&nbsp;&nbsp; &nbsp;Сфера научных интересов &ndash; создание эффективной системы управления персоналом и оценки управленческого труда на основе компетентностного подхода.&nbsp;<br />\r\n&bull;&nbsp;&nbsp; &nbsp;По результатам исследований опубликовано более 40 научных статей и 8 учебных пособий.<br />\r\n&bull;&nbsp;&nbsp; &nbsp;За значительные успехи в сфере обучения и воспитания подрастающего поколения, за новаторскую работу в области высшего образования награжден Государственными, &nbsp;правительственными и иными &nbsp;наградами:<br />\r\n&nbsp;&nbsp; &nbsp;2016 -Благодарственное письмо от Президента Республики Казахстан Н.А. Назарбаева<br />\r\n&nbsp;&nbsp; &nbsp;2016- Благодарственное письмо от Акима Южно-Казахстанской области Б. Атамкулова<br />\r\n&nbsp;&nbsp; &nbsp;2017 -Благодарственное письмо от Министра образования и науки РК &nbsp;Е.К. Сагадиева<br />\r\n&nbsp;&nbsp; &nbsp;2013 - &nbsp;Нагрудной &nbsp;знак &nbsp;&laquo;Ы.Алтынсарина&raquo; МОН РК<br />\r\n&nbsp;&nbsp; &nbsp;2015 &ndash; Нагрудной &nbsp;знак &laquo;Почетный работник образования РК&raquo; МОН РК<br />\r\n&nbsp;&nbsp; &nbsp;2015- &nbsp;Сертификат &laquo;Лучший руководитель года&raquo; Национального бизнес-рейтинга РК<br />\r\n&nbsp;&nbsp; &nbsp;2016- &nbsp;Юбилейная медаль &laquo;25 лет независимости Республики Казахстан&raquo;<br />\r\n&nbsp;&nbsp; &nbsp;2017- &nbsp;Золотая медаль имени А.Байтурсынова Ассоциации вузов РК<br />\r\n&nbsp;&nbsp; &nbsp;2017- &nbsp;Член-корреспондент Национальной Академии наук машиностроения и транспорта РК<br />\r\n&nbsp;&nbsp; &nbsp;2018- Академик Национальной Академии наук машиностроения и транспорта РК<br />\r\n&nbsp;&nbsp; &nbsp;2018- Почетный профессор Кыргызского государственного университета им И. Арабаева<br />\r\n&nbsp;&nbsp; &nbsp;Золотой медаль Российской Академии естествознания (РФ, г. Москва, февраль 2014 г.),&nbsp;<br />\r\n&nbsp;&nbsp; &nbsp;Международная премия &laquo;Объединенная Европа&raquo; за особые заслуги в развитии европейской интеграции (2011 г.).&nbsp;<br />\r\n&nbsp;&nbsp; &nbsp;Персональный именной Орден &laquo;ЗВЕЗДА СЛАВЫ. ЭКОНОМИКА КАЗАХСТАНА&raquo; (2014 г.),&nbsp;<br />\r\n&nbsp;&nbsp; &nbsp;Благодарственное письмо от президента Ассоциации высших учебных заведений Республики Казахстан г-на Алшанова Р.;<br />\r\n&nbsp;&nbsp; &nbsp;Благодарственное письмо от депутата Сената Парламента Республики Казахстан г-на Бектаева А.;<br />\r\n&nbsp;&nbsp; &nbsp;Благодарственное письмо от Президента РК Назарбаева Н.А. за активное участие в избирательной компании партии &laquo;Нур Отан&raquo;.<br />\r\n&nbsp;&nbsp; &nbsp;За &nbsp;значительный вклад в укрепление независимости и единства народа Казахстана, &nbsp;председатель Ассамблеи народа Казахстана Н.А.Назарбаев наградил нагрудным знаком &quot;Жомарт жан&quot;. (2019г, г.Нұр-Сұлтан).&nbsp;</p>\r\n\r\n<p>Личные качества:<br />\r\n&bull;&nbsp;&nbsp; &nbsp;Коммуникативные навыки и организаторские способности, работа в команде, аналитическое мышление.&nbsp;<br />\r\n&bull;&nbsp;&nbsp; &nbsp;Целеустремленность, нацеленность на результат, ответственность, принципиальность, честность.&nbsp;<br />\r\n&bull;&nbsp;&nbsp; &nbsp;Активная жизненная позиция, профессиональное развитие.</p>\r\n\r\n<p>Международный опыт:<br />\r\n&bull;&nbsp;&nbsp; &nbsp;Член международного научного совета Международной научной конференции &nbsp;исследовательских диллем &nbsp;(Польша), 2019<br />\r\n&bull;&nbsp;&nbsp; &nbsp;Член Координационного совета Сетевого университета Содружества Независимых государств (с 2018 г.)<br />\r\nE-Mail: &nbsp;president@swiu.kz</p>", "about_ru": "<p>&bull;&nbsp;&nbsp; &nbsp;Родился 30 марта 1988 года в г.Шымкент,Туркестанская область.&nbsp;<br />\r\n&bull;&nbsp;&nbsp; &nbsp;Национальность: Узбек<br />\r\n&bull;&nbsp;&nbsp; &nbsp;Женат, воспитывет 3-х детей.&nbsp;<br />\r\n&bull;&nbsp;&nbsp; &nbsp;Является членом партии &laquo;Нур Отан&raquo;.<br />\r\n&bull;&nbsp;&nbsp; &nbsp;Член-корреспондент Национальной инженерной академии Республики Казахстан (НИА РК), 2019 г. &nbsp;&nbsp; &nbsp;&nbsp;&nbsp; &nbsp;&nbsp;&nbsp; &nbsp;&nbsp;&nbsp; &nbsp;&nbsp;&nbsp; &nbsp;<br />\r\n&bull;&nbsp;&nbsp; &nbsp;В 2005 году окончил среднюю школу № 13 им. Мукими, в этом же году поступил в Южно-Казахстанский педагогический университет на специальность &laquo;Экономика&raquo;.&nbsp;<br />\r\n&bull;&nbsp;&nbsp; &nbsp;В 2009 году успешно окончил вуз &nbsp; (диплом с отличием) с присуждением степени бакалавра.&nbsp;<br />\r\n&bull;&nbsp;&nbsp; &nbsp;В 2009-2011 года обучался в магистратуре по специальности &laquo;Экономика&raquo;, окончил с дипломом с отличием. Имеет второе высшее образование по специальности &laquo;Юриспруденция&raquo;.<br />\r\n&bull;&nbsp;&nbsp; &nbsp;Является PhD докторантом Южно-Казахстанского государственного университета имени М.Ауэзова.&nbsp;<br />\r\n&bull;&nbsp;&nbsp; &nbsp;Профессиональную деятельность начал в 2009 году в должности методиста Южно-Казахстанского педагогического университета, позднее был назначен &nbsp;руководителем офис &ndash; регистратора.&nbsp;<br />\r\n&bull;&nbsp;&nbsp; &nbsp;В 2010 году был избран &nbsp;вице-президентом ЮКПУ.<br />\r\n&bull;&nbsp;&nbsp; &nbsp;В 2012 году - Президентом ЮКПУ.&nbsp;<br />\r\n&bull;&nbsp;&nbsp; &nbsp;В 2018 году &ndash; Президентом Международного университета SILKWAY. &nbsp;<br />\r\n&bull;&nbsp;&nbsp; &nbsp;Сфера научных интересов &ndash; создание эффективной системы управления персоналом и оценки управленческого труда на основе компетентностного подхода.&nbsp;<br />\r\n&bull;&nbsp;&nbsp; &nbsp;По результатам исследований опубликовано более 40 научных статей и 8 учебных пособий.<br />\r\n&bull;&nbsp;&nbsp; &nbsp;За значительные успехи в сфере обучения и воспитания подрастающего поколения, за новаторскую работу в области высшего образования награжден Государственными, &nbsp;правительственными и иными &nbsp;наградами:<br />\r\n&nbsp;&nbsp; &nbsp;2016 -Благодарственное письмо от Президента Республики Казахстан Н.А. Назарбаева<br />\r\n&nbsp;&nbsp; &nbsp;2016- Благодарственное письмо от Акима Южно-Казахстанской области Б. Атамкулова<br />\r\n&nbsp;&nbsp; &nbsp;2017 -Благодарственное письмо от Министра образования и науки РК &nbsp;Е.К. Сагадиева<br />\r\n&nbsp;&nbsp; &nbsp;2013 - &nbsp;Нагрудной &nbsp;знак &nbsp;&laquo;Ы.Алтынсарина&raquo; МОН РК<br />\r\n&nbsp;&nbsp; &nbsp;2015 &ndash; Нагрудной &nbsp;знак &laquo;Почетный работник образования РК&raquo; МОН РК<br />\r\n&nbsp;&nbsp; &nbsp;2015- &nbsp;Сертификат &laquo;Лучший руководитель года&raquo; Национального бизнес-рейтинга РК<br />\r\n&nbsp;&nbsp; &nbsp;2016- &nbsp;Юбилейная медаль &laquo;25 лет независимости Республики Казахстан&raquo;<br />\r\n&nbsp;&nbsp; &nbsp;2017- &nbsp;Золотая медаль имени А.Байтурсынова Ассоциации вузов РК<br />\r\n&nbsp;&nbsp; &nbsp;2017- &nbsp;Член-корреспондент Национальной Академии наук машиностроения и транспорта РК<br />\r\n&nbsp;&nbsp; &nbsp;2018- Академик Национальной Академии наук машиностроения и транспорта РК<br />\r\n&nbsp;&nbsp; &nbsp;2018- Почетный профессор Кыргызского государственного университета им И. Арабаева<br />\r\n&nbsp;&nbsp; &nbsp;Золотой медаль Российской Академии естествознания (РФ, г. Москва, февраль 2014 г.),&nbsp;<br />\r\n&nbsp;&nbsp; &nbsp;Международная премия &laquo;Объединенная Европа&raquo; за особые заслуги в развитии европейской интеграции (2011 г.).&nbsp;<br />\r\n&nbsp;&nbsp; &nbsp;Персональный именной Орден &laquo;ЗВЕЗДА СЛАВЫ. ЭКОНОМИКА КАЗАХСТАНА&raquo; (2014 г.),&nbsp;<br />\r\n&nbsp;&nbsp; &nbsp;Благодарственное письмо от президента Ассоциации высших учебных заведений Республики Казахстан г-на Алшанова Р.;<br />\r\n&nbsp;&nbsp; &nbsp;Благодарственное письмо от депутата Сената Парламента Республики Казахстан г-на Бектаева А.;<br />\r\n&nbsp;&nbsp; &nbsp;Благодарственное письмо от Президента РК Назарбаева Н.А. за активное участие в избирательной компании партии &laquo;Нур Отан&raquo;.<br />\r\n&nbsp;&nbsp; &nbsp;За &nbsp;значительный вклад в укрепление независимости и единства народа Казахстана, &nbsp;председатель Ассамблеи народа Казахстана Н.А.Назарбаев наградил нагрудным знаком &quot;Жомарт жан&quot;. (2019г, г.Нұр-Сұлтан).&nbsp;</p>\r\n\r\n<p>Личные качества:<br />\r\n&bull;&nbsp;&nbsp; &nbsp;Коммуникативные навыки и организаторские способности, работа в команде, аналитическое мышление.&nbsp;<br />\r\n&bull;&nbsp;&nbsp; &nbsp;Целеустремленность, нацеленность на результат, ответственность, принципиальность, честность.&nbsp;<br />\r\n&bull;&nbsp;&nbsp; &nbsp;Активная жизненная позиция, профессиональное развитие.</p>\r\n\r\n<p>Международный опыт:<br />\r\n&bull;&nbsp;&nbsp; &nbsp;Член международного научного совета Международной научной конференции &nbsp;исследовательских диллем &nbsp;(Польша), 2019<br />\r\n&bull;&nbsp;&nbsp; &nbsp;Член Координационного совета Сетевого университета Содружества Независимых государств (с 2018 г.)<br />\r\nE-Mail: &nbsp;president@swiu.kz</p>", "about_en": "<p>* Born on March 30, 1988 in Shymkent, Turkestan region.<br />\r\n* Nationality: Uzbek<br />\r\n* Married, has 3 children.<br />\r\n* Is a member of the Nur Otan party.<br />\r\n* Corresponding Member of the National Engineering Academy of the Republic of Kazakhstan( NIA RK), 2019<br />\r\n* In 2005, he graduated from secondary school No. 13. Mukimi, in the same year, entered the South Kazakhstan Pedagogical University, majoring in Economics.<br />\r\n&bull; In 2009, he successfully graduated from the university (cum laude) with a Bachelor&#39;s degree.<br />\r\n&bull; In 2009-2011, he studied for a master&#39;s degree in Economics, and graduated with a diploma with honors. He has a second higher education in the specialty &quot;Jurisprudence&quot;.<br />\r\n* He is a PhD student of the South Kazakhstan State University named after M. Auezov.<br />\r\n* He started his professional activity in 2009 as a methodologist at the South Kazakhstan Pedagogical University, later he was appointed head of the office registrar.<br />\r\n&bull; In 2010, he was elected Vice-President of the SCPU.<br />\r\n&bull; In 2012-President of the SCPU.<br />\r\n* In 2018-President of SILKWAY International University.<br />\r\n* Research interests-creation of an effective system of personnel management and evaluation of managerial work based on the competence approach.<br />\r\n&bull; Based on the results of the research, more than 40 scientific articles and 8 textbooks have been published.<br />\r\n&bull; For significant achievements in the field of education and upbringing of the younger generation, for innovative work in the field of higher education, he was awarded State, government and other awards:<br />\r\n2016 2016-Letter of thanks from the President of the Republic of Kazakhstan N. A. Nazarbayev<br />\r\n2016 2016-Letter of thanks from Akim of South Kazakhstan region B. Atamkulov<br />\r\n2017 2017-Letter of thanks from the Minister of Education and Science of the Republic of Kazakhstan E. K. Sagadiev<br />\r\n2013 2013-Badge &quot; S.Altynsarina &quot; MES RK<br />\r\n2015-Badge &quot;Honorary Worker of Education of the Republic of Kazakhstan&quot; of the Ministry of Education and Science of the Republic of Kazakhstan<br />\r\n2015-Certificate &quot;Best Manager of the Year&quot; of the National Business Rating of the Republic of Kazakhstan<br />\r\n 2016-Jubilee Medal &quot;25 years of independence of the Republic of Kazakhstan&quot;<br />\r\n 2017-Gold Medal named after A. Baitursynov of the Association of Universities of the Republic of Kazakhstan<br />\r\n2017-Corresponding Member of the National Academy of Sciences of Mechanical Engineering and Transport of the Republic of Kazakhstan<br />\r\n2018-Academician of the National Academy of Sciences of Mechanical Engineering and Transport of the Republic of Kazakhstan<br />\r\n2018-Honorary Professor of the Kyrgyz State University named after I. Arabayev<br />\r\nЗолотой Gold Medal of the Russian Academy of Natural Sciences (Russian Federation, Moscow, February 2014),<br />\r\n International Award &quot;United Europe&quot; for special merits in the development of European integration (2011).<br />\r\n Personal nominal Order &quot; STAR OF GLORY. ECONOMY OF KAZAKHSTAN&quot; (2014),<br />\r\n Letter of thanks from the President of the Association of Higher Educational Institutions of the Republic of Kazakhstan, Mr. R. Alshanov.;<br />\r\n Letter of thanks from the Deputy of the Senate of the Parliament of the Republic of Kazakhstan, Mr. A. Bektayev;<br />\r\n Letter of thanks from the President of the Republic of Kazakhstan, N. A. Nazarbayev, for active participation in the election campaign of the Nur Otan party.<br />\r\nFor his significant contribution to strengthening the independence and unity of the people of Kazakhstan, the Chairman of the Assembly of People of Kazakhstan N. A. Nazarbayev awarded the badge &quot;Zhomart Zhan&quot;. (2019, Nur-Sultan).</p>\r\n\r\n<p>Personal qualities:<br />\r\n* Communication skills and organizational skills, teamwork, analytical thinking.<br />\r\n* Purposefulness, focus on results, responsibility, integrity, integrity.<br />\r\n* Active life position, professional development.</p>\r\n\r\n<p>International experience:<br />\r\n* Member of the International Scientific Council of the International Scientific Conference of Research Dillem (Poland), 2019<br />\r\n* Member of the Coordinating Council of the Network University of the Commonwealth of Independent States (since 2018)<br />\r\nE-Mail: president@swiu.kz</p>", "about_kk": "<p>* 1988 жылы 30 наурызда Түркістан облысы,Шымкент қаласында дүниеге келген.<br />\r\n* Ұлты: Өзбек<br />\r\n* Үйленген, 3 бала тәрбиелеп отыр.<br />\r\n* &quot;Нұр Отан&quot;партиясының мүшесі.<br />\r\n* Қазақстан Республикасы Ұлттық Инженерлік Академиясының (ҚР ҰИА) корреспондент-мүшесі, 2019 ж.<br />\r\n* 2005 жылы № 13 орта мектепті бітірді. Мукими, сол жылы Оңтүстік Қазақстан педагогикалық университетіне &quot;Экономика&quot;мамандығына оқуға түсті.<br />\r\n* 2009 жылы бакалавр дәрежесін бере отырып, жоғары оқу орнын (үздік диплом) табысты аяқтады.<br />\r\n* 2009-2011 жылдары &quot;Экономика&quot; мамандығы бойынша магистратурада оқып, үздік дипломмен бітірді. &quot;Құқықтану&quot;мамандығы бойынша екінші жоғары білімі бар.<br />\r\n* М. Әуезов атындағы Оңтүстік Қазақстан мемлекеттік университетінің PhD докторанты.<br />\r\n* Кәсіби қызметін 2009 жылы Оңтүстік Қазақстан педагогикалық университетінің әдіскері лауазымынан бастады, кейіннен офис-тіркеушінің басшысы болып тағайындалды.<br />\r\n* 2010 жылы ОҚПУ вице-президенті болып сайланды.<br />\r\n* 2012 жылы-ОҚПУ Президенті.<br />\r\n* 2018 жылы-SILKWAY Халықаралық университетінің президенті.<br />\r\n* Ғылыми қызығушылықтар саласы &ndash; құзыреттілік тәсіл негізінде персоналды басқару және басқару еңбегін бағалаудың тиімді жүйесін құру.<br />\r\n* Зерттеу нәтижелері бойынша 40-тан астам ғылыми мақалалар мен 8 оқу құралы жарық көрді.<br />\r\n* Өскелең ұрпақты оқыту және тәрбиелеу саласындағы елеулі жетістіктері, Жоғары білім саласындағы жаңашыл жұмысы үшін Мемлекеттік, үкіметтік және өзге де наградалармен марапатталған:<br />\r\n, 2016-Қазақстан Республикасының Президенті Н.Ә. Назарбаевтың Алғыс хаты<br />\r\nЖоба 2016-Оңтүстік Қазақстан облысының әкімі Б. Атамқұловтың Алғыс хаты<br />\r\n. 2017-ҚР Білім және ғылым министрі Е. К. Сағадиевтің Алғыс хаты<br />\r\n, 2013 - &quot; Ы.&quot;Ы. алтынсарин атындағы ҚР БҒМ<br />\r\nКімнен 2015-ҚР БҒМ &quot;ҚР Білім беру ісінің құрметті қызметкері&quot; төсбелгісі<br />\r\nКо 2015-ҚР Ұлттық бизнес-рейтингісінің &quot;жылдың үздік басшысы&quot; сертификаты<br />\r\n2016 - &quot;Қазақстан Республикасының Тәуелсіздігіне 25 жыл&quot; мерейтойлық медалі&raquo;<br />\r\n* 2017-ҚР ЖОО қауымдастығының А. Байтұрсынов атындағы алтын медалі<br />\r\nОқу 2017-ҚР машина жасау және көлік Ұлттық Ғылым Академиясының корреспондент-мүшесі<br />\r\n2018-ҚР машина жасау және көлік Ұлттық Ғылым Академиясының академигі<br />\r\n- И. Арабаев атындағы Қырғыз мемлекеттік университетінің құрметті профессоры<br />\r\nРесей Жаратылыстану Академиясының Алтын медалі (РФ, Мәскеу қ., Ақпан 2014 ж.),<br />\r\n- Еуропалық интеграцияны дамытудағы ерекше еңбегі үшін &quot;біріккен Еуропа&quot; халықаралық сыйлығы (2011 ж.).<br />\r\n Даңқ жұлдызы. Қазақстан экономикасы&quot; (2014 ж.),<br />\r\nҚазақстан Республикасы Жоғары оқу орындары қауымдастығының президенті Р. Алшанов мырзаның Алғыс хаты.;<br />\r\n Қазақстан Республикасы Парламенті Сенатының депутаты Ә. Бектаев мырзаның Алғыс хаты.;<br />\r\n Нұр Отан &quot;партиясының сайлау компаниясына белсенді қатысқаны үшін ҚР Президенті Н.Ә. Назарбаевтың Алғыс хаты.<br />\r\nҚазақстан халқы Ассамблеясының Төрағасы Н.Ә.Назарбаев Қазақстан халқының тәуелсіздігі мен бірлігін нығайтуға қосқан елеулі үлесі үшін &quot;Жомарт жан&quot;төсбелгісімен марапаттады. (2019ж, Нұр-Сұлтан Қ.).</p>\r\n\r\n<p>Жеке қасиеттер:<br />\r\n* Коммуникативтік дағдылар мен ұйымдастырушылық қабілеттер, командада жұмыс істеу, аналитикалық ойлау.<br />\r\n* Мақсаттылық, нәтижеге бағытталу, жауапкершілік, адалдық, адалдық.<br />\r\n* Белсенді өмірлік ұстаным, кәсіби даму.</p>\r\n\r\n<p>Халықаралық тәжірибе:<br />\r\n* Халықаралық ғылыми зерттеу конференциясының халықаралық ғылыми кеңесінің мүшесі диллем (Польша), 2019<br />\r\n* Тәуелсіз Мемлекеттер Достастығы Желілік университетінің Үйлестіру кеңесінің мүшесі (2018 ж. бастап);)<br />\r\nE-Mail: president@swiu.kz</p>", "photo": "government/Президент.jpg", "order": 1}}, {"model": "employeesapp.government", "pk": 2, "fields": {"name": "Ибрагимова Гульнара Жумашевна", "name_ru": "Ибрагимова Гульнара Жумашевна", "name_en": "Ibragimova Gulnara Zhumashevna", "name_kk": "Ибрагимова Гульнара Жумашевна", "age": 54, "position": "Директор колледжа", "position_ru": "Директор колледжа", "position_en": "College director", "position_kk": "Колледж директоры", "isimp": true, "about": "<p>Директор Ибрагимова Гульнара Жумашевна</p>\r\n\r\n<p>g.ibragimova66@mail.ru</p>\r\n\r\n<p>Контактный телефон: 50-61-36 кандидат педагогических наук, преподаватель высшей категории Ибрагимова Гульнара Жумашевна родилась в 1966 году в городе Шымкент , ЮКО.</p>\r\n\r\n<p>В 1984-1989 гг. Казахский государственный университет имени С. М. Кирова, биологический факультет. &laquo;Биолог. Преподаватель биологии и химии &raquo; в 1989 году с отличием. В 2006 году защитил кандидатскую диссертацию в г. Москве и получил ученую степень кандидата педагогических наук. - Медаль &laquo;Отличник образования&raquo; Общественного объединения &laquo;Ourmet-AB &quot; РК, ЮКО. - Астана, 2013. - нагрудный знак МОН РК &laquo;Білім саласының құрметті қызметкері&raquo;. - Г. Шымкент, 2014. &ndash; диплом 1 степени ЮКО ФАО НЦПК &laquo;Өрлеу&raquo;МОН РК-Шымкент, 2017. - &quot;благодарственное письмо&quot; Управления образования ЮКО. - Г. Шымкент, 2017. - национальный бизнес-рейтинг &laquo; Руководитель года&raquo; сертификат - 2017-&laquo;Почетная грамота&raquo;МОН РК - Астана,2018-II Республиканская церемония награждения &laquo;отличник года&raquo;, проведенная общественным фондом &laquo;Международная академия наук педагогики и инновационных технологий&raquo;, &laquo;Международный фонд поддержки развития педагогического творчества и науки&raquo; и Республиканским научно-методическим журналом &laquo;Самғау&raquo;. Медаль &quot;жыл үздігі&quot;. - Актобе, 2019. - управление &laquo;развитие человеческого потенциала&raquo; Туркестанской области &laquo;благодарственное письмо&raquo; 2020.</p>\r\n\r\n<p>1. руководит учебно-методической, научно-методической, административно-хозяйственной и финансово-экономической деятельностью в соответствии с законодательством Республики Казахстан и уставом организации образования</p>\r\n\r\n<p>2.утверждает рабочие учебные планы и программы, график учебного процесса, правила внутреннего распорядка.</p>\r\n\r\n<p>3. утверждает структуру управления, штатное расписание, должностные инструкции работников организации образования</p>\r\n\r\n<p>.4. формирует контингент обучающихся, обеспечивает их социальную защищенность.</p>\r\n\r\n<p>5.обеспечивает необходимые условия для функционирования и организации контроля за работой организаций общественного питания, медицинского обслуживания в организациях технического и профессионального образования.</p>\r\n\r\n<p>6.координирует работу с работодателями и социальными партнерами.</p>\r\n\r\n<p>7.распоряжается имеющимся имуществом и средствами, обеспечивает пополнение и учет учебно-материальной базы, ее сохранность, соблюдение порядка санитарно-гигиенических правил.</p>\r\n\r\n<p>8. организует перевооружение и реконструкцию материально-технической базы.</p>\r\n\r\n<p>9. руководит работой педагогического совета. Обеспечивает внедрение и привлечение инновационных образовательных технологий в целях поддержания и расширения сферы учебной деятельности организации образования.</p>\r\n\r\n<p>10.осуществляет подбор и расстановку кадров, обеспечивает необходимый уровень педагогического и воспитательного процесса, создает условия для повышения их квалификации и профессионального мастерства.</p>\r\n\r\n<p>11.осуществляет общее руководство по совместной работе с организациями образования по непрерывному профессиональному обучению.</p>\r\n\r\n<p>12.обеспечивает связь с общественностью, координирует работу с родителями (лицами, их замещающими).</p>\r\n\r\n<p>13.представляет интересы организации образования в вышестоящих, общественных и иных организациях.</p>\r\n\r\n<p>14.осуществляет меры по расширению социального партнерства и международного сотрудничества.</p>\r\n\r\n<p>15.представляет в уполномоченный орган (учредителю) ежегодный отчет о результатах учебной, научной и финансовой деятельности. 16.обеспечивает выполнение требований законодательных и иных нормативных правовых актов по охране труда, технике безопасности и создает условия для безопасного труда.</p>", "about_ru": "<p>Директор Ибрагимова Гульнара Жумашевна</p>\r\n\r\n<p>g.ibragimova66@mail.ru</p>\r\n\r\n<p>Контактный телефон: 50-61-36 кандидат педагогических наук, преподаватель высшей категории Ибрагимова Гульнара Жумашевна родилась в 1966 году в городе Шымкент , ЮКО.</p>\r\n\r\n<p>В 1984-1989 гг. Казахский государственный университет имени С. М. Кирова, биологический факультет. &laquo;Биолог. Преподаватель биологии и химии &raquo; в 1989 году с отличием. В 2006 году защитил кандидатскую диссертацию в г. Москве и получил ученую степень кандидата педагогических наук. - Медаль &laquo;Отличник образования&raquo; Общественного объединения &laquo;Ourmet-AB &quot; РК, ЮКО. - Астана, 2013. - нагрудный знак МОН РК &laquo;Білім саласының құрметті қызметкері&raquo;. - Г. Шымкент, 2014. &ndash; диплом 1 степени ЮКО ФАО НЦПК &laquo;Өрлеу&raquo;МОН РК-Шымкент, 2017. - &quot;благодарственное письмо&quot; Управления образования ЮКО. - Г. Шымкент, 2017. - национальный бизнес-рейтинг &laquo; Руководитель года&raquo; сертификат - 2017-&laquo;Почетная грамота&raquo;МОН РК - Астана,2018-II Республиканская церемония награждения &laquo;отличник года&raquo;, проведенная общественным фондом &laquo;Международная академия наук педагогики и инновационных технологий&raquo;, &laquo;Международный фонд поддержки развития педагогического творчества и науки&raquo; и Республиканским научно-методическим журналом &laquo;Самғау&raquo;. Медаль &quot;жыл үздігі&quot;. - Актобе, 2019. - управление &laquo;развитие человеческого потенциала&raquo; Туркестанской области &laquo;благодарственное письмо&raquo; 2020.</p>\r\n\r\n<p>1. руководит учебно-методической, научно-методической, административно-хозяйственной и финансово-экономической деятельностью в соответствии с законодательством Республики Казахстан и уставом организации образования</p>\r\n\r\n<p>2.утверждает рабочие учебные планы и программы, график учебного процесса, правила внутреннего распорядка.</p>\r\n\r\n<p>3. утверждает структуру управления, штатное расписание, должностные инструкции работников организации образования</p>\r\n\r\n<p>.4. формирует контингент обучающихся, обеспечивает их социальную защищенность.</p>\r\n\r\n<p>5.обеспечивает необходимые условия для функционирования и организации контроля за работой организаций общественного питания, медицинского обслуживания в организациях технического и профессионального образования.</p>\r\n\r\n<p>6.координирует работу с работодателями и социальными партнерами.</p>\r\n\r\n<p>7.распоряжается имеющимся имуществом и средствами, обеспечивает пополнение и учет учебно-материальной базы, ее сохранность, соблюдение порядка санитарно-гигиенических правил.</p>\r\n\r\n<p>8. организует перевооружение и реконструкцию материально-технической базы.</p>\r\n\r\n<p>9. руководит работой педагогического совета. Обеспечивает внедрение и привлечение инновационных образовательных технологий в целях поддержания и расширения сферы учебной деятельности организации образования.</p>\r\n\r\n<p>10.осуществляет подбор и расстановку кадров, обеспечивает необходимый уровень педагогического и воспитательного процесса, создает условия для повышения их квалификации и профессионального мастерства.</p>\r\n\r\n<p>11.осуществляет общее руководство по совместной работе с организациями образования по непрерывному профессиональному обучению.</p>\r\n\r\n<p>12.обеспечивает связь с общественностью, координирует работу с родителями (лицами, их замещающими).</p>\r\n\r\n<p>13.представляет интересы организации образования в вышестоящих, общественных и иных организациях.</p>\r\n\r\n<p>14.осуществляет меры по расширению социального партнерства и международного сотрудничества.</p>\r\n\r\n<p>15.представляет в уполномоченный орган (учредителю) ежегодный отчет о результатах учебной, научной и финансовой деятельности. 16.обеспечивает выполнение требований законодательных и иных нормативных правовых актов по охране труда, технике безопасности и создает условия для безопасного труда.</p>", "about_en": "<p>Director Ibragimova Gulnara Zhumashevna</p>\r\n\r\n<p>g.ibragimova66@mail.ru</p>\r\n\r\n<p>Contact phone: 50-61-36 Candidate of Pedagogical Sciences, teacher of the highest category Ibragimova Gulnara Zhumashevna was born in 1966 in the city of Shymkent , South Kazakhstan region.</p>\r\n\r\n<p>In 1984-1989. S. M. Kirov Kazakh State University, Faculty of Biology. &quot;Biologist. Teacher of Biology and chemistry &quot; in 1989 with honors. In 2006, he defended his PhD thesis in Moscow and received the degree of Candidate of Pedagogical Sciences. - Medal &quot;Excellent Student of Education&quot; of the Public Association &quot;Ourmet-AB&quot; of the Republic of Kazakhstan, South Kazakhstan region. - Astana, 2013. - badge of the Ministry of Education and Science of the Republic of Kazakhstan &quot;Bilim salasynyn kurmetti kyzmetkeri&quot;. - Shymkent, 2014. - diploma of the 1st degree of the SKR FAO NCPC &quot;Orleu&quot; of the Ministry of Education and Science of the Republic of Kazakhstan-Shymkent, 2017. - &quot;Letter of thanks&quot; of the Department of Education of the SKR. - Shymkent, 2017. - national business rating &quot;Manager of the Year&quot; certificate-2017 - &quot;Certificate of Honor&quot;of the Ministry of Education and Science of the Republic of Kazakhstan - Astana, 2018-II Republican Award Ceremony &quot;Excellent student of the Year&quot;, held by the public Foundation &quot;International Academy of Sciences of Pedagogy and Innovative Technologies&quot;, &quot;International Fund for Support of the Development of Pedagogical Creativity and Science&quot; and the Republican scientific and methodological journal &quot;Samgau&quot;. Medal &quot;zhyl uzdigi&quot;. - Aktobe, 2019. - Department of &quot;Human Potential Development&quot; of the Turkestan region &quot;letter of thanks&quot; 2020.</p>\r\n\r\n<p>1. directs educational-methodical, scientific-methodical, administrative-economic and financial-economic activities in accordance with the legislation of the Republic of Kazakhstan and the charter of the educational organization</p>\r\n\r\n<p>2. approves working curricula and programs, the schedule of the educational process, and internal regulations.</p>\r\n\r\n<p>3. approves the management structure, staffing table, job descriptions of employees of the educational organization</p>\r\n\r\n<p>.4. forms a contingent of students, ensures their social security.</p>\r\n\r\n<p>5. provides the necessary conditions for the functioning and organization of control over the work of public catering organizations, medical services in organizations of technical and vocational education.</p>\r\n\r\n<p>6. coordinates work with employers and social partners.</p>\r\n\r\n<p>7. disposes of the available property and funds, ensures replenishment and accounting of the educational and material base, its safety, compliance with the order of sanitary and hygienic rules.</p>\r\n\r\n<p>8. organizes the re-equipment and reconstruction of the material and technical base.</p>\r\n\r\n<p>9. directs the work of the pedagogical council. Ensures the introduction and attraction of innovative educational technologies in order to maintain and expand the scope of educational activities of the educational organization.</p>\r\n\r\n<p>10. carries out the selection and placement of personnel, provides the necessary level of pedagogical and educational process, creates conditions for improving their qualifications and professional skills.</p>\r\n\r\n<p>11. provides general guidance on joint work with educational organizations on continuing professional training.</p>\r\n\r\n<p>12. provides communication with the public, coordinates work with parents (persons who replace them).</p>\r\n\r\n<p>13. represents the interests of the educational organization in higher-level, public and other organizations.</p>\r\n\r\n<p>14. implements measures to expand social partnership and international cooperation.</p>\r\n\r\n<p>15. submit to the authorized body (the founder) an annual report on the results of educational, scientific and financial activities. 16. ensures compliance with the requirements of legislative and other regulatory legal acts on labor protection, safety and creates conditions for safe work.</p>", "about_kk": "<p>Директор Ибрагимова Гульнара Жумашевна</p>\r\n\r\n<p>g.ibragimova66@mail.ru</p>\r\n\r\n<p>Байланыс телефон: 50-61-36 Педагогика ғылымдарының кандидаты, Жоғары санатты оқытушы Ибрагимова Гульнара Жумашевна 1966 жылы ОҚО , Шымкент қаласында дүниеге келген.</p>\r\n\r\n<p>1984-1989 жж. С.М. Киров атындағы Қазақ мемлекеттік университеті, биология факультеті. &laquo;Биолог. Биология және химия пәндерінің оқытушысы &raquo; мамандығын 1989 жылы үздік дипломмен бітірген. 2006 жылы Мәскеу қаласында кандитаттық диссертацияны қорғап, педагогика ғылымдарының кандидаты ғылыми дәрежені иеленді. - ҚР, ОҚО &laquo;Ourmet-AB&raquo; Қоғамдық бірлестігінің &laquo;Білім беру ісінің үздігі&raquo; медалі. &ndash; Астана, 2013. - ҚР БжҒМ &laquo;Білім саласының құрметті қызметкері&raquo; төс белгісі. &ndash; Шымкент қаласы, 2014. - ҚР БжҒМ &laquo;Өрлеу&raquo;БАҰО АҚФ ОҚО 1 дәрежелі диплом &ndash; Шымкент, 2017. - ОҚО Білім басқармасының &laquo;Алғыс хаты&raquo;. &ndash; Шымкент қаласы, 2017. - Ұлттық бизнес- рейтинг &laquo; Жыл басшысы&raquo; сертификат-2017 - ҚР БжҒМ &laquo;Құрмет грамотасы&raquo;-Астана,2018 - &laquo;Халықаралық Педагогика және Инновациялық Технологиялар Ғылым Академиясы&raquo;, &laquo;Халықаралық педагогикалық шығармашылық пен ғылымның дамуын қолдау қоры&raquo; Қоғамдық қоры және &laquo;Самғау&raquo; Республикалық ғылыми-әдістемелік журналы өткізген &laquo;Жыл үздігі&raquo; атты ІІ Республикалық марапаттау рәсімі. &laquo;Жыл үздігі&raquo; медалі. &ndash; Ақтөбе, 2019. - Түркістан облысы &laquo;Адами әлеуетті дамыту&raquo; басқармасы &laquo;Алғыс хат&raquo; 2020.</p>\r\n\r\n<p>1.Қазақстан Республикасының заңнамасына және білім беру ұйымының жарғысына сәйкес оқу-әдістемелік, ғылыми-әдістемелік, әкімшілік-шаруашылық және қаржы-экономикалық қызметіне басшылық жасайды</p>\r\n\r\n<p>2. Оқу жұмыс жоспарлары мен бағдарламаларын, оқу процесінің кестесін, ішкі тәртіп ережесін бекітеді.</p>\r\n\r\n<p>3.Білім беру ұйымының басқару құрылымын, штаттық кестесін, қызметкерлерінің лауазымдық нұсқаулықтарын бекітеді</p>\r\n\r\n<p>.4. Білім алушылардың контингентін қалыптастырады, олардың әлеуметтік қорғалуын қамтамасыз етеді.</p>\r\n\r\n<p>5.Техникалық және кәсіптік білім беру ұйымдарында қоғамдық тамақтандыру, медициналық қызмет көрсету ұйымдарының жұмыс істеу және олардың жұмысына бақылауды ұйымдастыру үшін қажетті жағдайлармен қамтамасыз етеді.</p>\r\n\r\n<p>6.Жұмыс берушілермен және әлеуметтік әріптестермен жүргізілетін жұмысты үйлестіреді.</p>\r\n\r\n<p>7.Қолда бар мүліктер мен құралдарға билік жүргізеді, оқу-материалдық базаны толтыруды және оның есебі мен сақталуын, санитарлық-гигиеналық ережелер тәртібінің сақталуын қамтамасыз етеді.</p>\r\n\r\n<p>8.Материалдық-техникалық базаны қайта жарақтауды және қайта құруды ұйымдастырады.</p>\r\n\r\n<p>9.Педагогикалық кеңестің жұмысын басқарады. Білім беру ұйымының оқыту қызметінің саласын дұрыс ұстау және кеңейту мақсатында инновациялық білім технологияларын енгізуді және тартуды қамтамасыз етеді.</p>\r\n\r\n<p>10.Кадрларды іріктеу мен орналастыруды жүзеге асырады, педагогикалық және тәрбие процесінің қажетті деңгейін қамтамасыз етеді, олардың біліктілігі мен кәсіби шеберлігін арттыру үшін жағдай жасайды.</p>\r\n\r\n<p>11.Үздіксіз кәсіптік оқыту жөнінде білім беру ұйымдарымен бірлескен жұмыс бойынша жалпы басшылықты жүзеге асырады.</p>\r\n\r\n<p>12. Жұртшылықпен байланысты қамтамасыз етеді, ата-аналармен (олардың орнын басушы адамдармен) жүргізілетін жұмысты үйлестіреді.</p>\r\n\r\n<p>13.Жоғары тұрған, қоғамдық және өзге де ұйымдарда білім беру ұйымының мүддесін білдіреді.</p>\r\n\r\n<p>14.Әлеуметтік серіктестік және халықаралық ынтымақтастықты кеңейту жөніндегі шараларды жүзеге асырады.</p>\r\n\r\n<p>15.Уәкілетті органға (құрылтайшыға) оқу, ғылыми және қаржылық қызмет нәтижелері туралы жыл сайынғы есепті ұсынады. 16.Еңбекті қорғау, техникалық қауіпсіздік жөніндегі заңнамалық және өзге де нормативтік құқықтық актілер талаптарын орындауды қамтамасыз етеді және қауіпсіз еңбек етуге жағдай жасайды.</p>", "photo": "government/директор.jpg", "order": 2}}, {"model": "employeesapp.government", "pk": 3, "fields": {"name": "Байсеитов Ерлан Умбетбаевич", "name_ru": "Байсеитов Ерлан Умбетбаевич", "name_en": "Baiseitov Erlan Umbetbaevich", "name_kk": "Байсеитов Ерлан Умбетбаевич", "age": 40, "position": "зам. директора по воспитательной работе", "position_ru": "зам. директора по воспитательной работе", "position_en": "deputy. director of educational work", "position_kk": "Директордың тәрбие жұмысы орынбасары", "isimp": false, "about": "<p>Заместитель директора по воспитательной работе</p>\r\n\r\n<p>Заместитель Председателя Совета Директоров</p>\r\n\r\n<p>erlan.baiseitov@mail.ru</p>\r\n\r\n<p>Контактный телефон: 50-61-36</p>\r\n\r\n<p>Степень магистра казахского языка и литературы,</p>\r\n\r\n<p>Преподаватель высшей категории</p>\r\n\r\n<p>Ерлан Байсеитов Умбетбаилулы родился в 1980 году в селе О. Тайманов Байдибекского района Южно-Казахстанской области. Он окончил среднюю школу в 1997 году и окончил среднюю школу в 1998-2002 годах. Южно - Казахстанский педагогический университет, филологический факультет. В 2002 году окончил с отличием бакалавриат по специальности &quot;Казахский язык и литература, иностранный язык&quot;. 2003-2005 Магистр филологического факультета Московского государственного университета имени Х. А. Ясави. В 2005 году ему была присуждена степень магистра казахского языка и литературы.</p>\r\n\r\n<p>Медаль &quot;Отличник образования&quot; общественного объединения &quot;Нашмет-АБ&quot; Республики Казахстан, Южно-Казахстанская область. - Астана, 2013.<br />\r\n&quot;Благодарственное письмо&quot;Департамента образования Южно - Казахстанской области. - Шымкент, 2014.<br />\r\n&quot;Благодарственное письмо, организованное КГУ &quot;Молодежный ресурсный центр &quot;&quot; в направлении воспитания молодежи в реализации закона о государственной молодежной политике, посвященного 25 - летию независимости Республики Казахстан&quot;. - Шымкент, 2016.<br />\r\n&quot;Благодарственное письмо&quot;Департамента образования Южно - Казахстанской области. - Шымкент, 2017.<br />\r\nII Республиканская церемония награждения&quot; Отличник года&quot;, проводимая Международной академией наук педагогики и инновационных технологий, Общественным фондом&quot; Международный фонд поддержки развития педагогического творчества и науки &quot;и Республиканским научно-методическим журналом&quot; Самгау&quot;. Медаль&quot; Отличник года&quot;. - Актобе, 2019.<br />\r\nДепартамент развития человеческого потенциала Туркестанской области&quot; благодарственное письмо &quot; 2020.</p>\r\n\r\n<p><br />\r\nОрганизует образовательный процесс в образовательных организациях. Обеспечивает разработку планов и мероприятий по организации воспитательной работы, текущее и стратегическое планирование профориентационной работы, контролирует их выполнение. Координирует деятельность руководителей групп, воспитателей, библиотекарей, мастеров производственного обучения и педагогов дополнительного образования в области физической культуры, оздоровительной и художественно-эстетической направленности.<br />\r\nАнализирует воспитательную работу. Организует работу по воспитательной работе, разработке методической документации по подготовке и проведению культурно-просветительских мероприятий; систематически контролирует качество образовательного процесса, работу клубов, секций и других видов воспитательной работы, индивидуальную воспитательную работу с детьми с девиантным поведением. Совершенствует содержание, формы и методы воспитательной работы. Проводит работу по координации развития процесса физического воспитания, физкультурно-оздоровительной и военно-патриотической работы по приобщению учащихся к здоровому образу жизни.<br />\r\nПроводит работу, направленную на развитие разносторонних интересов и способностей учащихся, формирование чувства патриотизма, гражданственности, интернационализма, высокой нравственности и нравственности.<br />\r\nОрганизует работу с детьми-сиротами и детьми, оставшимися без попечения родителей, воспитанниками, защищает их законные права и интересы в соответствии с законодательными актами Республики Казахстан.<br />\r\nОрганизует работу по профилактике правонарушений несовершеннолетних. Организует работу по укреплению учебно-материальной базы.<br />\r\nКоординирует взаимодействие с представителями общественности и правоохранительных органов, родителями и родительскими комитетами, представителями администрации, структур и служб образовательных организаций, обеспечивающих образовательный процесс. Обеспечивает морально и психологически благоприятный климат в образовательной организации. Обеспечивает соблюдение требований правил и норм охраны труда, технической безопасности и пожарной безопасности.</p>", "about_ru": "<p>Заместитель директора по воспитательной работе</p>\r\n\r\n<p>Заместитель Председателя Совета Директоров</p>\r\n\r\n<p>erlan.baiseitov@mail.ru</p>\r\n\r\n<p>Контактный телефон: 50-61-36</p>\r\n\r\n<p>Степень магистра казахского языка и литературы,</p>\r\n\r\n<p>Преподаватель высшей категории</p>\r\n\r\n<p>Ерлан Байсеитов Умбетбаилулы родился в 1980 году в селе О. Тайманов Байдибекского района Южно-Казахстанской области. Он окончил среднюю школу в 1997 году и окончил среднюю школу в 1998-2002 годах. Южно - Казахстанский педагогический университет, филологический факультет. В 2002 году окончил с отличием бакалавриат по специальности &quot;Казахский язык и литература, иностранный язык&quot;. 2003-2005 Магистр филологического факультета Московского государственного университета имени Х. А. Ясави. В 2005 году ему была присуждена степень магистра казахского языка и литературы.</p>\r\n\r\n<p>Медаль &quot;Отличник образования&quot; общественного объединения &quot;Нашмет-АБ&quot; Республики Казахстан, Южно-Казахстанская область. - Астана, 2013.<br />\r\n&quot;Благодарственное письмо&quot;Департамента образования Южно - Казахстанской области. - Шымкент, 2014.<br />\r\n&quot;Благодарственное письмо, организованное КГУ &quot;Молодежный ресурсный центр &quot;&quot; в направлении воспитания молодежи в реализации закона о государственной молодежной политике, посвященного 25 - летию независимости Республики Казахстан&quot;. - Шымкент, 2016.<br />\r\n&quot;Благодарственное письмо&quot;Департамента образования Южно - Казахстанской области. - Шымкент, 2017.<br />\r\nII Республиканская церемония награждения&quot; Отличник года&quot;, проводимая Международной академией наук педагогики и инновационных технологий, Общественным фондом&quot; Международный фонд поддержки развития педагогического творчества и науки &quot;и Республиканским научно-методическим журналом&quot; Самгау&quot;. Медаль&quot; Отличник года&quot;. - Актобе, 2019.<br />\r\nДепартамент развития человеческого потенциала Туркестанской области&quot; благодарственное письмо &quot; 2020.</p>\r\n\r\n<p><br />\r\nОрганизует образовательный процесс в образовательных организациях. Обеспечивает разработку планов и мероприятий по организации воспитательной работы, текущее и стратегическое планирование профориентационной работы, контролирует их выполнение. Координирует деятельность руководителей групп, воспитателей, библиотекарей, мастеров производственного обучения и педагогов дополнительного образования в области физической культуры, оздоровительной и художественно-эстетической направленности.<br />\r\nАнализирует воспитательную работу. Организует работу по воспитательной работе, разработке методической документации по подготовке и проведению культурно-просветительских мероприятий; систематически контролирует качество образовательного процесса, работу клубов, секций и других видов воспитательной работы, индивидуальную воспитательную работу с детьми с девиантным поведением. Совершенствует содержание, формы и методы воспитательной работы. Проводит работу по координации развития процесса физического воспитания, физкультурно-оздоровительной и военно-патриотической работы по приобщению учащихся к здоровому образу жизни.<br />\r\nПроводит работу, направленную на развитие разносторонних интересов и способностей учащихся, формирование чувства патриотизма, гражданственности, интернационализма, высокой нравственности и нравственности.<br />\r\nОрганизует работу с детьми-сиротами и детьми, оставшимися без попечения родителей, воспитанниками, защищает их законные права и интересы в соответствии с законодательными актами Республики Казахстан.<br />\r\nОрганизует работу по профилактике правонарушений несовершеннолетних. Организует работу по укреплению учебно-материальной базы.<br />\r\nКоординирует взаимодействие с представителями общественности и правоохранительных органов, родителями и родительскими комитетами, представителями администрации, структур и служб образовательных организаций, обеспечивающих образовательный процесс. Обеспечивает морально и психологически благоприятный климат в образовательной организации. Обеспечивает соблюдение требований правил и норм охраны труда, технической безопасности и пожарной безопасности.</p>", "about_en": "<p>eputy director for educational work</p>\r\n\r\n<p>Deputy Chairman Of The Board Of Directors</p>\r\n\r\n<p>erlan.baiseitov@mail.ru</p>\r\n\r\n<p>Contact phone number: 50-61-36</p>\r\n\r\n<p>Master&#39;s degree in Kazakh language and literature,</p>\r\n\r\n<p>Teacher of the highest category</p>\r\n\r\n<p>Yerlan Baiseitov Umbetbailuly was born in 1980 in the village of O. Taimanov, Baidibek district, south Kazakhstan region. He graduated from high school in 1997 and graduated from high school in 1998-2002. South Kazakhstan Pedagogical University, Faculty of philology. He graduated with honors in 2002 with a bachelor&#39;s degree in Kazakh language and literature, foreign language. 2003-2005 Master of the Faculty of philology, Moscow State University named after H. A. Yasavi. In 2005, he was awarded a master&#39;s degree in Kazakh language and literature.</p>\r\n\r\n<p>Medal &quot;excellent student of Education&quot; of the public Association &quot;Ourmet-AB&quot; of the Republic of Kazakhstan, South Kazakhstan region. - Astana, 2013.<br />\r\n&quot;Letter of thanks&quot;of the Department of education of South Kazakhstan region. - Shymkent city, 2014.<br />\r\n&quot;Letter of thanks, organized by the KSU &quot;&quot;Youth Resource Center &quot;&quot; in the direction of educating young people in the implementation of the law on State Youth Policy, dedicated to the 25th anniversary of independence of the Republic of Kazakhstan.&quot; - Shymkent, 2016.<br />\r\n&quot;Letter of thanks&quot;of the Department of education of South Kazakhstan region. - Shymkent City, 2017.<br />\r\nII Republican award ceremony&quot; excellent student of the year&quot;, held by the International Academy of Sciences of pedagogy and innovative technologies, the Public Foundation&quot; International Fund for support of the development of pedagogical creativity and science &quot;and the Republican scientific and methodological Journal&quot; Samgau&quot;. Medal&quot; excellent student of the year&quot;. - Aktobe, 2019.<br />\r\nDepartment of human potential development of Turkestan region&quot; letter of thanks &quot; 2020.</p>\r\n\r\n<p><br />\r\nOrganizes the educational process in educational organizations. Provides development of plans and measures for the organization of educational work, current and strategic planning of Career Guidance work, monitors their implementation. Coordinates the activities of group leaders, educators, librarians, masters of industrial training and teachers of additional education in the field of Physical Culture, health-improving and artistic-aesthetic orientation.<br />\r\nAnalyzes educational work. Organizes work on educational work, development of methodological documentation for the preparation and conduct of cultural and educational events; systematically monitors the quality of the educational process, the work of clubs, sections and other types of educational work, individual educational work with children with deviant behavior. Improves the content, form and methods of educational work. Carries out work on coordinating the development of the physical education process, sports and health-improving and military-patriotic work to introduce students to a healthy lifestyle.<br />\r\nCarries out work aimed at developing students &#39; diverse interests and abilities, forming a sense of patriotism, citizenship, internationalism, high morality and morality.<br />\r\nOrganizes work with orphans and children left without parental care, pupils, protects their legal rights and interests in accordance with the legislative acts of the Republic of Kazakhstan.<br />\r\nOrganizes work on the Prevention of juvenile delinquency. Organizes work on strengthening the educational and material base.<br />\r\nCoordinates interaction with representatives of the public and law enforcement agencies, parents and parent committees, representatives of the administration, structures and services of educational organizations that ensure the educational process. Provides a morally and psychologically favorable climate in the educational organization. Ensures compliance with the requirements of the rules and regulations of labor protection, Technical Safety and fire safety.</p>", "about_kk": "<p style=\"text-align:center\"><span style=\"font-size:11pt\"><span style=\"font-family:Calibri,sans-serif\"><strong><span style=\"font-size:14.0pt\"><span style=\"font-family:&quot;Times New Roman&quot;,&quot;serif&quot;\">Т</span></span></strong><strong><span style=\"font-size:14.0pt\"><span style=\"font-family:&quot;Times New Roman&quot;,&quot;serif&quot;\">әрбие ісі жөніндегі директор орынбасары</span></span></strong></span></span></p>\r\n\r\n<p style=\"text-align:center\"><span style=\"font-size:11pt\"><span style=\"font-family:Calibri,sans-serif\"><strong><span style=\"font-size:14.0pt\"><span style=\"font-family:&quot;Times New Roman&quot;,&quot;serif&quot;\">Байсейтов Ерлан Үмбетбайұлы</span></span></strong></span></span></p>\r\n\r\n<p style=\"text-align:center\"><span style=\"font-size:11pt\"><span style=\"font-family:Calibri,sans-serif\"><a href=\"mailto:erlan.baiseitov@mail.ru\" style=\"color:blue; text-decoration:underline\"><strong><span style=\"font-size:14.0pt\"><span style=\"font-family:&quot;Times New Roman&quot;,&quot;serif&quot;\">erlan.baiseitov@mail.ru</span></span></strong></a></span></span></p>\r\n\r\n<p style=\"text-align:center\"><span style=\"font-size:11pt\"><span style=\"font-family:Calibri,sans-serif\"><strong><span style=\"font-size:14.0pt\"><span style=\"font-family:&quot;Times New Roman&quot;,&quot;serif&quot;\">Байланыс телефон: 50-61-36</span></span></strong></span></span></p>\r\n\r\n<p style=\"text-align:center\"><span style=\"font-size:11pt\"><span style=\"font-family:Calibri,sans-serif\"><strong><span style=\"font-size:14.0pt\"><span style=\"font-family:&quot;Times New Roman&quot;,&quot;serif&quot;\">Қазақ тілі мен әдебиеті мамандығының магистрі,</span></span></strong></span></span></p>\r\n\r\n<p style=\"text-align:center\"><span style=\"font-size:11pt\"><span style=\"font-family:Calibri,sans-serif\"><strong><span style=\"font-size:14.0pt\"><span style=\"font-family:&quot;Times New Roman&quot;,&quot;serif&quot;\">Жоғары санатты оқытушы</span></span></strong></span></span></p>\r\n\r\n<p style=\"text-align:center\">&nbsp;</p>\r\n\r\n<p style=\"text-align:center\">&nbsp;</p>\r\n\r\n<p style=\"text-align:justify\"><span style=\"font-size:11pt\"><span style=\"font-family:Calibri,sans-serif\"><span style=\"font-size:12.0pt\"><span style=\"font-family:&quot;Times New Roman&quot;,&quot;serif&quot;\">&nbsp;&nbsp;&nbsp;&nbsp;&nbsp; Байсейтов Ерлан Үмбетбайлұы 1980 жылы ОҚО Бәйдібек ауданы, О.Тайманов елді &ndash; мекенінде дүниеге келген. 1997 жылы мектепті аяқтап, </span></span><span style=\"font-size:12.0pt\"><span style=\"font-family:&quot;Times New Roman&quot;,&quot;serif&quot;\">1998-2002 жж.&nbsp; Оңтүстік Қазақстан педагогика университеті, филология факультеті. &laquo;Қазақ тілі мен әдебиеті, шет тілі&raquo; мамандығы бакалаврын 2002 жылы үздік дипломмен бітірген. 2003-2005 жж.&nbsp; Қ.А.Ясауи атындағы ХҚТУ, филология факультетінің магистрі. 2005 жылы Қазақ тілі мен әдебиеті мамандығы магистрі біліктілігі берілген.&nbsp; &nbsp;</span></span></span></span></p>\r\n\r\n<ul>\r\n\t<li><span style=\"font-size:11pt\"><span style=\"font-family:Calibri,sans-serif\"><span style=\"font-size:12.0pt\"><span style=\"font-family:&quot;Times New Roman&quot;,&quot;serif&quot;\">&nbsp;ҚР, ОҚО &laquo;Ourmet-AB&raquo; Қоғамдық бірлестігінің &laquo;Білім беру ісінің үздігі&raquo; медалі. &ndash; Астана, 2013. </span></span></span></span></li>\r\n\t<li><span style=\"font-size:11pt\"><span style=\"font-family:Calibri,sans-serif\"><span style=\"font-size:12.0pt\"><span style=\"font-family:&quot;Times New Roman&quot;,&quot;serif&quot;\">ОҚО Білім басқармасының &laquo;Алғыс хаты&raquo;. &ndash; Шымкент қаласы, 2014.</span></span></span></span></li>\r\n\t<li><span style=\"font-size:11pt\"><span style=\"font-family:Calibri,sans-serif\"><span style=\"font-size:12.0pt\"><span style=\"font-family:&quot;Times New Roman&quot;,&quot;serif&quot;\">&nbsp;&laquo;Жастар ресурстық орталығы&raquo; КММ ұйымдастырған, ҚР Тәуелсіздігінің 25 жылдығына орай Мемлекеттік жастар саясаты Заңын жүзеге асырудағы жастарды тәрбиелеу бағытында &laquo;Алғыс хат. &ndash; Шымкент, 2016.</span></span></span></span></li>\r\n\t<li><span style=\"font-size:11pt\"><span style=\"font-family:Calibri,sans-serif\"><span style=\"font-size:12.0pt\"><span style=\"font-family:&quot;Times New Roman&quot;,&quot;serif&quot;\">ОҚО Білім басқармасының &laquo;Алғыс хаты&raquo;. &ndash; Шымкент қаласы, 2017. </span></span></span></span></li>\r\n\t<li><span style=\"font-size:11pt\"><span style=\"font-family:Calibri,sans-serif\"><span style=\"font-size:12.0pt\"><span style=\"font-family:&quot;Times New Roman&quot;,&quot;serif&quot;\">&laquo;Халықаралық Педагогика және Инновациялық Технологиялар Ғылым Академиясы&raquo;, &laquo;Халықаралық педагогикалық шығармашылық пен ғылымның дамуын қолдау қоры&raquo; Қоғамдық қоры және &laquo;Самғау&raquo; Республикалық ғылыми-әдістемелік журналы өткізген &laquo;Жыл үздігі&raquo; атты ІІ Республикалық марапаттау рәсімі. &laquo;Жыл үздігі&raquo; медалі. &ndash; Ақтөбе, 2019.</span></span></span></span></li>\r\n\t<li><span style=\"font-size:11pt\"><span style=\"font-family:Calibri,sans-serif\"><span style=\"font-size:12.0pt\"><span style=\"font-family:&quot;Times New Roman&quot;,&quot;serif&quot;\">Түркістан облысы &laquo;Адами әлеуетті дамыту&raquo; басқармасы &laquo;Алғыс хат&raquo; 2020.</span></span></span></span></li>\r\n</ul>\r\n\r\n<p><span style=\"font-size:11pt\"><span style=\"font-family:Calibri,sans-serif\">&nbsp;</span></span></p>\r\n\r\n<ol>\r\n\t<li style=\"text-align:justify\"><span style=\"font-size:11pt\"><span style=\"background-color:white\"><span style=\"font-family:Calibri,sans-serif\"><strong>&nbsp;</strong><span style=\"font-size:12.0pt\"><span style=\"font-family:&quot;Times New Roman&quot;,&quot;serif&quot;\"><span style=\"color:black\">Білім беру ұйымдарында тәрбие процесін ұйымдастыруды жүзеге асырады.</span></span></span>&nbsp;<a name=\"z206\"></a><span style=\"font-size:12.0pt\"><span style=\"font-family:&quot;Times New Roman&quot;,&quot;serif&quot;\"><span style=\"color:black\"> Тәрбие жұмысын ұйымдастыру жөнінде жоспарлар мен іс-шаралардың әзірленуін, кәсіби бағдар беру жұмыстарының ағымдағы және стратегиялық жоспарлануын қамтамасыз етеді, олардың орындалуына бақылау жасайды. Топ жетекшілерінің, тәрбиешілердің, кітапханашылардың, өндірістік оқыту шеберлері мен дене тәрбиесі сауықтыру және көркемдік эстетикалық бағыттағы қосымша білім беру оқытушыларының қызметтерін үйлестіреді.</span></span></span>&nbsp;<a name=\"z207\"></a></span></span></span></li>\r\n\t<li style=\"text-align:justify\"><span style=\"font-size:11pt\"><span style=\"background-color:white\"><span style=\"font-family:Calibri,sans-serif\"><span style=\"font-size:12.0pt\"><span style=\"font-family:&quot;Times New Roman&quot;,&quot;serif&quot;\"><span style=\"color:black\">Тәрбие жұмысына талдау жасайды. Тәрбие жұмысы, мәдени-тәрбиелік іс-шараларды дайындау мен өткізу бойынша әдістемелік құжаттамаларды әзірлеу жөніндегі жұмыстарды ұйымдастырады; тәрбие процесінің сапасына, үйірмелер, секциялар жұмыстарына және тәрбие жұмысының басқа да түрлеріне, девианттық мінез-құлықты балалармен жүргізілетін жеке тәрбие жұмысына жүйелі түрде бақылауды жүзеге асырады.</span></span></span>&nbsp;<a name=\"z208\"></a><span style=\"font-size:12.0pt\"><span style=\"font-family:&quot;Times New Roman&quot;,&quot;serif&quot;\"><span style=\"color:black\">Тәрбие жұмысының мазмұнын, нысанын және әдістерін жетілдіреді. Білім алушыларға салауатты өмір салтын енгізу бойынша дене тәрбие процесін, спорттық-сауықтыру және әскери-патриоттық жұмыстарды дамытуды үйлестіру жөніндегі жұмысты жүзеге асырады.</span></span></span>&nbsp;<a name=\"z209\"></a></span></span></span></li>\r\n\t<li style=\"text-align:justify\"><span style=\"font-size:11pt\"><span style=\"background-color:white\"><span style=\"font-family:Calibri,sans-serif\"><span style=\"font-size:12.0pt\"><span style=\"font-family:&quot;Times New Roman&quot;,&quot;serif&quot;\"><span style=\"color:black\">Білім алушылардың патриоттық, азаматтық, интернационалдық, жоғары моральдық және имандылық сезімін қалыптастыру, жан-жақты қызығушылықтары мен қабілеттерін дамытуға бағытталған жұмысты жүзеге асырады.</span></span></span>&nbsp;<a name=\"z210\"></a></span></span></span></li>\r\n\t<li style=\"text-align:justify\"><span style=\"font-size:11pt\"><span style=\"background-color:white\"><span style=\"font-family:Calibri,sans-serif\"><span style=\"font-size:12.0pt\"><span style=\"font-family:&quot;Times New Roman&quot;,&quot;serif&quot;\"><span style=\"color:black\">Жетім балалар мен ата-аналарының қамқорлығынсыз қалған балалармен, тәрбиеленушілермен жұмысты ұйымдастырады, Қазақстан Республикасының заңнамалық актілеріне сәйкес олардың заңды құқықтары мен мүдделерін қорғайды.</span></span></span>&nbsp;<a name=\"z211\"></a></span></span></span></li>\r\n\t<li style=\"text-align:justify\"><span style=\"font-size:11pt\"><span style=\"background-color:white\"><span style=\"font-family:Calibri,sans-serif\"><span style=\"font-size:12.0pt\"><span style=\"font-family:&quot;Times New Roman&quot;,&quot;serif&quot;\"><span style=\"color:black\">Жасөспірімдер арасындағы құқық бұзушылықтың алдын алу жөніндегі жұмысты ұйымдастырады. Оқу-материалдық базаны нығайту жөнінде жұмыстарды ұйымдастыруды жүзеге асырады.</span></span></span>&nbsp;<a name=\"z212\"></a></span></span></span></li>\r\n\t<li style=\"text-align:justify\"><span style=\"font-size:11pt\"><span style=\"background-color:white\"><span style=\"font-family:Calibri,sans-serif\"><span style=\"font-size:12.0pt\"><span style=\"font-family:&quot;Times New Roman&quot;,&quot;serif&quot;\"><span style=\"color:black\">Жұртшылық және құқық қорғау органдары өкілдерімен, ата-аналармен және ата-аналар комитеттерімен тәрбие процесін қамтамасыз ететін білім беру ұйымдарының кызметтері мен құрылымдарының, әкімшілік өкілдерінің өзара іс-қимылын үйлестіреді. Білім беру ұйымындағы моральды-психологиялық қолайлы ахуалды қамтамасыз етеді. Еңбекті қорғау, техникалық қауіпсіздік және өртке қарсы ережелер мен нормаларының талаптарын орындауды қамтамасыз етеді.</span></span></span></span></span></span></li>\r\n</ol>", "photo": "government/Ерлан.jpg", "order": 4}}, {"model": "employeesapp.government", "pk": 4, "fields": {"name": "Ибраева Людмила Махатовна", "name_ru": "Ибраева Людмила Махатовна", "name_en": "Ibraeva Lyudmila Makhatovna", "name_kk": "Ибраева Людмила Махатовна", "age": 44, "position": "зам. директора по учебной работе", "position_ru": "зам. директора по учебной работе", "position_en": "deputy. Director of Academic Affairs", "position_kk": "Директордың оқу ісі жөніндегі орынбасары", "isimp": false, "about": "<p style=\"text-align:center\"><span style=\"font-size:11pt\"><span style=\"font-family:Calibri,sans-serif\"><strong><span style=\"font-size:14.0pt\"><span style=\"font-family:&quot;Times New Roman&quot;,&quot;serif&quot;\">Заместитель директора по учебной работе Шымкентского высшего педагогического колледжа</span></span></strong></span></span></p>\r\n\r\n<p style=\"text-align:center\">&nbsp;</p>\r\n\r\n<p style=\"text-align:center\"><span style=\"font-size:11pt\"><span style=\"font-family:Calibri,sans-serif\"><strong><span style=\"font-size:14.0pt\"><span style=\"font-family:&quot;Times New Roman&quot;,&quot;serif&quot;\">Ибраева Людмила Махатовна</span></span></strong></span></span></p>\r\n\r\n<p style=\"text-align:center\">&nbsp;</p>\r\n\r\n<p style=\"text-align:center\"><span style=\"font-size:11pt\"><span style=\"font-family:Calibri,sans-serif\"><strong><span style=\"font-size:14.0pt\"><span style=\"font-family:&quot;Times New Roman&quot;,&quot;serif&quot;\">Контактный телефон: 50-61-36</span></span></strong></span></span></p>\r\n\r\n<p style=\"text-align:center\"><span style=\"font-size:11pt\"><span style=\"font-family:Calibri,sans-serif\"><span style=\"font-size:14.0pt\"><span style=\"font-family:&quot;Times New Roman&quot;,&quot;serif&quot;\">Электронная почта: </span></span><span style=\"font-size:14.0pt\"><span style=\"font-family:&quot;Times New Roman&quot;,&quot;serif&quot;\">ibrayeva</span></span><span style=\"font-size:14.0pt\"><span style=\"font-family:&quot;Times New Roman&quot;,&quot;serif&quot;\">.</span></span><span style=\"font-size:14.0pt\"><span style=\"font-family:&quot;Times New Roman&quot;,&quot;serif&quot;\">mila</span></span><span style=\"font-size:14.0pt\"><span style=\"font-family:&quot;Times New Roman&quot;,&quot;serif&quot;\">@</span></span><span style=\"font-size:14.0pt\"><span style=\"font-family:&quot;Times New Roman&quot;,&quot;serif&quot;\">mail</span></span><span style=\"font-size:14.0pt\"><span style=\"font-family:&quot;Times New Roman&quot;,&quot;serif&quot;\">.</span></span><span style=\"font-size:14.0pt\"><span style=\"font-family:&quot;Times New Roman&quot;,&quot;serif&quot;\">ru</span></span></span></span></p>\r\n\r\n<p style=\"text-align:center\">&nbsp;</p>\r\n\r\n<p style=\"text-align:center\"><span style=\"font-size:11pt\"><span style=\"font-family:Calibri,sans-serif\"><strong><span style=\"font-size:14.0pt\"><span style=\"font-family:&quot;Times New Roman&quot;,&quot;serif&quot;\">Педагог высшей категории социологии.</span></span></strong></span></span></p>\r\n\r\n<p>&nbsp;</p>\r\n\r\n<p><span style=\"font-size:11pt\"><span style=\"font-family:Calibri,sans-serif\"><span style=\"font-size:14.0pt\"><span style=\"font-family:&quot;Times New Roman&quot;,&quot;serif&quot;\">Ибраева Людмила Махатовна родилась 5 декабря 1976 года в Шиелинском районе Кызылординской области. В 1994 году поступил в Международный казахс</span></span><span style=\"font-size:14.0pt\"><span style=\"font-family:&quot;Times New Roman&quot;,&quot;serif&quot;\">к</span></span><span style=\"font-size:14.0pt\"><span style=\"font-family:&quot;Times New Roman&quot;,&quot;serif&quot;\">о-турецкий университет имени К.А. Яссави по специальности социология, который в 1998 году окончил с отличием. Трудовую деятельность начал</span></span><span style=\"font-size:14.0pt\"><span style=\"font-family:&quot;Times New Roman&quot;,&quot;serif&quot;\">а</span></span><span style=\"font-size:14.0pt\"><span style=\"font-family:&quot;Times New Roman&quot;,&quot;serif&quot;\"> в 1998 году в Международном казахс</span></span><span style=\"font-size:14.0pt\"><span style=\"font-family:&quot;Times New Roman&quot;,&quot;serif&quot;\">ко</span></span><span style=\"font-size:14.0pt\"><span style=\"font-family:&quot;Times New Roman&quot;,&quot;serif&quot;\">-турецком университете имени К.А. Яссави. С 2000 по 2004 год работал в средней школе имени Абая Отырского района. Он</span></span><span style=\"font-size:14.0pt\"><span style=\"font-family:&quot;Times New Roman&quot;,&quot;serif&quot;\">а</span></span><span style=\"font-size:14.0pt\"><span style=\"font-family:&quot;Times New Roman&quot;,&quot;serif&quot;\"> работает в колледже с момента его основания</span></span><span style=\"font-size:14.0pt\"><span style=\"font-family:&quot;Times New Roman&quot;,&quot;serif&quot;\">.&nbsp;&nbsp;&nbsp;&nbsp;&nbsp;&nbsp;&nbsp;&nbsp;&nbsp;&nbsp;&nbsp;&nbsp;&nbsp;&nbsp;&nbsp;&nbsp;&nbsp;&nbsp;&nbsp;&nbsp;&nbsp;&nbsp;&nbsp;&nbsp;&nbsp;&nbsp;&nbsp;&nbsp;&nbsp;&nbsp;&nbsp;&nbsp;&nbsp;&nbsp;&nbsp;&nbsp;&nbsp;&nbsp;&nbsp;&nbsp;&nbsp;&nbsp;&nbsp;&nbsp;&nbsp;&nbsp;&nbsp;&nbsp;&nbsp;&nbsp;&nbsp;&nbsp;&nbsp;&nbsp;&nbsp;&nbsp;&nbsp;&nbsp;&nbsp;&nbsp;&nbsp;&nbsp;&nbsp;&nbsp;&nbsp;&nbsp;&nbsp;&nbsp;&nbsp;&nbsp;&nbsp;&nbsp;&nbsp;&nbsp;&nbsp;&nbsp;&nbsp;&nbsp;&nbsp;&nbsp;&nbsp;&nbsp;&nbsp;&nbsp;&nbsp;&nbsp;&nbsp;&nbsp;&nbsp;&nbsp;&nbsp;&nbsp;&nbsp;&nbsp;&nbsp;&nbsp;&nbsp;&nbsp;&nbsp;&nbsp;&nbsp;&nbsp; </span></span><span style=\"font-size:14.0pt\"><span style=\"font-family:&quot;Times New Roman&quot;,&quot;serif&quot;\">. Её научные исследования и опыт на методических мероприятиях были распространены среди коллег как образец передовой практики, статьи были опубликованы в городских, региональных и республиканских изданиях. Она подготовила комплект учебных пособий, лекций, вопросов семинара и терминов для студентов колледжа по дисциплинам &laquo;Основы политологии и социологии&raquo;.</span></span></span></span></p>\r\n\r\n<p style=\"margin-left:38px\"><span style=\"font-size:11pt\"><span style=\"font-family:Calibri,sans-serif\"><span style=\"font-size:14.0pt\"><span style=\"font-family:&quot;Times New Roman&quot;,&quot;serif&quot;\">- Награжден</span></span><span style=\"font-size:14.0pt\"><span style=\"font-family:&quot;Times New Roman&quot;,&quot;serif&quot;\">а</span></span><span style=\"font-size:14.0pt\"><span style=\"font-family:&quot;Times New Roman&quot;,&quot;serif&quot;\"> медалью &laquo;Отличник образования&raquo; Общественного объединения &laquo;Курмет-АБ&raquo; РК, ЮКО; 2013</span></span></span></span></p>\r\n\r\n<p style=\"margin-left:38px\"><span style=\"font-size:11pt\"><span style=\"font-family:Calibri,sans-serif\"><span style=\"font-size:14.0pt\"><span style=\"font-family:&quot;Times New Roman&quot;,&quot;serif&quot;\">- Награжден</span></span><span style=\"font-size:14.0pt\"><span style=\"font-family:&quot;Times New Roman&quot;,&quot;serif&quot;\">а</span></span><span style=\"font-size:14.0pt\"><span style=\"font-family:&quot;Times New Roman&quot;,&quot;serif&quot;\"> благодарственным письмом Управления образования ЮКО за лучшую авторскую программу, представленную на Республиканскую научно-практическую конференцию. 2014 г.</span></span></span></span></p>\r\n\r\n<p style=\"margin-left:38px\"><span style=\"font-size:11pt\"><span style=\"font-family:Calibri,sans-serif\"><span style=\"font-size:14.0pt\"><span style=\"font-family:&quot;Times New Roman&quot;,&quot;serif&quot;\">- Участвовала в организации городской предметной олимпиады и награждена благодарственным письмом городского отдела образования; 2018 г.</span></span></span></span></p>\r\n\r\n<p style=\"margin-left:38px\"><span style=\"font-size:11pt\"><span style=\"font-family:Calibri,sans-serif\"><span style=\"font-size:14.0pt\"><span style=\"font-family:&quot;Times New Roman&quot;,&quot;serif&quot;\">- Награжден</span></span><span style=\"font-size:14.0pt\"><span style=\"font-family:&quot;Times New Roman&quot;,&quot;serif&quot;\">а</span></span><span style=\"font-size:14.0pt\"><span style=\"font-family:&quot;Times New Roman&quot;,&quot;serif&quot;\"> Благодарственным письмом Министра образования и науки Республики Казахстан за вклад в развитие системы образования; 2019 г.</span></span></span></span></p>\r\n\r\n<p>&nbsp;</p>\r\n\r\n<p><span style=\"font-size:11pt\"><span style=\"font-family:Calibri,sans-serif\"><span style=\"font-size:14.0pt\"><span style=\"font-family:&quot;Times New Roman&quot;,&quot;serif&quot;\">В настоящее время в соответствии со своей должностью выполняет следующие задачи: организует учебный процесс в образовательных учреждениях. Организует текущее и стратегическое планирование образовательных организаций</span></span><span style=\"font-size:14.0pt\"><span style=\"font-family:&quot;Times New Roman&quot;,&quot;serif&quot;\">. О</span></span><span style=\"font-size:14.0pt\"><span style=\"font-family:&quot;Times New Roman&quot;,&quot;serif&quot;\">рганизует разработку учебно-методической документации для обеспечения качества учебного процесса. Осуществляет контроль качества учебного процесса, выполнения учебных планов и программ. Осуществляет организацию работы по проведению и подготовке текущего контроля, промежуточной и итоговой аттестации студентов.</span></span></span></span></p>\r\n\r\n<p><span style=\"font-size:11pt\"><span style=\"font-family:Calibri,sans-serif\"><span style=\"font-size:14.0pt\"><span style=\"font-family:&quot;Times New Roman&quot;,&quot;serif&quot;\">&nbsp;&nbsp;&nbsp;&nbsp;&nbsp; Координирует работу по оснащению аудиторий современным оборудованием, наглядными пособиями и новыми учебными пособиями. Изучает и распространяет внедрение инновационных технологий обучения на практике. Обеспечивает соблюдение требований правил и норм по охране труда, технической безопасности и пожарной безопасности. Отчетность об учебной работе обеспечивает своевременную подготовку, правильность и подачу документов.</span></span></span></span></p>", "about_ru": "<p style=\"text-align:center\"><span style=\"font-size:11pt\"><span style=\"font-family:Calibri,sans-serif\"><strong><span style=\"font-size:14.0pt\"><span style=\"font-family:&quot;Times New Roman&quot;,&quot;serif&quot;\">Заместитель директора по учебной работе Шымкентского высшего педагогического колледжа</span></span></strong></span></span></p>\r\n\r\n<p style=\"text-align:center\">&nbsp;</p>\r\n\r\n<p style=\"text-align:center\"><span style=\"font-size:11pt\"><span style=\"font-family:Calibri,sans-serif\"><strong><span style=\"font-size:14.0pt\"><span style=\"font-family:&quot;Times New Roman&quot;,&quot;serif&quot;\">Ибраева Людмила Махатовна</span></span></strong></span></span></p>\r\n\r\n<p style=\"text-align:center\">&nbsp;</p>\r\n\r\n<p style=\"text-align:center\"><span style=\"font-size:11pt\"><span style=\"font-family:Calibri,sans-serif\"><strong><span style=\"font-size:14.0pt\"><span style=\"font-family:&quot;Times New Roman&quot;,&quot;serif&quot;\">Контактный телефон: 50-61-36</span></span></strong></span></span></p>\r\n\r\n<p style=\"text-align:center\"><span style=\"font-size:11pt\"><span style=\"font-family:Calibri,sans-serif\"><span style=\"font-size:14.0pt\"><span style=\"font-family:&quot;Times New Roman&quot;,&quot;serif&quot;\">Электронная почта: </span></span><span style=\"font-size:14.0pt\"><span style=\"font-family:&quot;Times New Roman&quot;,&quot;serif&quot;\">ibrayeva</span></span><span style=\"font-size:14.0pt\"><span style=\"font-family:&quot;Times New Roman&quot;,&quot;serif&quot;\">.</span></span><span style=\"font-size:14.0pt\"><span style=\"font-family:&quot;Times New Roman&quot;,&quot;serif&quot;\">mila</span></span><span style=\"font-size:14.0pt\"><span style=\"font-family:&quot;Times New Roman&quot;,&quot;serif&quot;\">@</span></span><span style=\"font-size:14.0pt\"><span style=\"font-family:&quot;Times New Roman&quot;,&quot;serif&quot;\">mail</span></span><span style=\"font-size:14.0pt\"><span style=\"font-family:&quot;Times New Roman&quot;,&quot;serif&quot;\">.</span></span><span style=\"font-size:14.0pt\"><span style=\"font-family:&quot;Times New Roman&quot;,&quot;serif&quot;\">ru</span></span></span></span></p>\r\n\r\n<p style=\"text-align:center\">&nbsp;</p>\r\n\r\n<p style=\"text-align:center\"><span style=\"font-size:11pt\"><span style=\"font-family:Calibri,sans-serif\"><strong><span style=\"font-size:14.0pt\"><span style=\"font-family:&quot;Times New Roman&quot;,&quot;serif&quot;\">Педагог высшей категории социологии.</span></span></strong></span></span></p>\r\n\r\n<p>&nbsp;</p>\r\n\r\n<p><span style=\"font-size:11pt\"><span style=\"font-family:Calibri,sans-serif\"><span style=\"font-size:14.0pt\"><span style=\"font-family:&quot;Times New Roman&quot;,&quot;serif&quot;\">Ибраева Людмила Махатовна родилась 5 декабря 1976 года в Шиелинском районе Кызылординской области. В 1994 году поступил в Международный казахс</span></span><span style=\"font-size:14.0pt\"><span style=\"font-family:&quot;Times New Roman&quot;,&quot;serif&quot;\">к</span></span><span style=\"font-size:14.0pt\"><span style=\"font-family:&quot;Times New Roman&quot;,&quot;serif&quot;\">о-турецкий университет имени К.А. Яссави по специальности социология, который в 1998 году окончил с отличием. Трудовую деятельность начал</span></span><span style=\"font-size:14.0pt\"><span style=\"font-family:&quot;Times New Roman&quot;,&quot;serif&quot;\">а</span></span><span style=\"font-size:14.0pt\"><span style=\"font-family:&quot;Times New Roman&quot;,&quot;serif&quot;\"> в 1998 году в Международном казахс</span></span><span style=\"font-size:14.0pt\"><span style=\"font-family:&quot;Times New Roman&quot;,&quot;serif&quot;\">ко</span></span><span style=\"font-size:14.0pt\"><span style=\"font-family:&quot;Times New Roman&quot;,&quot;serif&quot;\">-турецком университете имени К.А. Яссави. С 2000 по 2004 год работал в средней школе имени Абая Отырского района. Он</span></span><span style=\"font-size:14.0pt\"><span style=\"font-family:&quot;Times New Roman&quot;,&quot;serif&quot;\">а</span></span><span style=\"font-size:14.0pt\"><span style=\"font-family:&quot;Times New Roman&quot;,&quot;serif&quot;\"> работает в колледже с момента его основания</span></span><span style=\"font-size:14.0pt\"><span style=\"font-family:&quot;Times New Roman&quot;,&quot;serif&quot;\">.&nbsp;&nbsp;&nbsp;&nbsp;&nbsp;&nbsp;&nbsp;&nbsp;&nbsp;&nbsp;&nbsp;&nbsp;&nbsp;&nbsp;&nbsp;&nbsp;&nbsp;&nbsp;&nbsp;&nbsp;&nbsp;&nbsp;&nbsp;&nbsp;&nbsp;&nbsp;&nbsp;&nbsp;&nbsp;&nbsp;&nbsp;&nbsp;&nbsp;&nbsp;&nbsp;&nbsp;&nbsp;&nbsp;&nbsp;&nbsp;&nbsp;&nbsp;&nbsp;&nbsp;&nbsp;&nbsp;&nbsp;&nbsp;&nbsp;&nbsp;&nbsp;&nbsp;&nbsp;&nbsp;&nbsp;&nbsp;&nbsp;&nbsp;&nbsp;&nbsp;&nbsp;&nbsp;&nbsp;&nbsp;&nbsp;&nbsp;&nbsp;&nbsp;&nbsp;&nbsp;&nbsp;&nbsp;&nbsp;&nbsp;&nbsp;&nbsp;&nbsp;&nbsp;&nbsp;&nbsp;&nbsp;&nbsp;&nbsp;&nbsp;&nbsp;&nbsp;&nbsp;&nbsp;&nbsp;&nbsp;&nbsp;&nbsp;&nbsp;&nbsp;&nbsp;&nbsp;&nbsp;&nbsp;&nbsp;&nbsp;&nbsp;&nbsp; </span></span><span style=\"font-size:14.0pt\"><span style=\"font-family:&quot;Times New Roman&quot;,&quot;serif&quot;\">. Её научные исследования и опыт на методических мероприятиях были распространены среди коллег как образец передовой практики, статьи были опубликованы в городских, региональных и республиканских изданиях. Она подготовила комплект учебных пособий, лекций, вопросов семинара и терминов для студентов колледжа по дисциплинам &laquo;Основы политологии и социологии&raquo;.</span></span></span></span></p>\r\n\r\n<p style=\"margin-left:38px\"><span style=\"font-size:11pt\"><span style=\"font-family:Calibri,sans-serif\"><span style=\"font-size:14.0pt\"><span style=\"font-family:&quot;Times New Roman&quot;,&quot;serif&quot;\">- Награжден</span></span><span style=\"font-size:14.0pt\"><span style=\"font-family:&quot;Times New Roman&quot;,&quot;serif&quot;\">а</span></span><span style=\"font-size:14.0pt\"><span style=\"font-family:&quot;Times New Roman&quot;,&quot;serif&quot;\"> медалью &laquo;Отличник образования&raquo; Общественного объединения &laquo;Курмет-АБ&raquo; РК, ЮКО; 2013</span></span></span></span></p>\r\n\r\n<p style=\"margin-left:38px\"><span style=\"font-size:11pt\"><span style=\"font-family:Calibri,sans-serif\"><span style=\"font-size:14.0pt\"><span style=\"font-family:&quot;Times New Roman&quot;,&quot;serif&quot;\">- Награжден</span></span><span style=\"font-size:14.0pt\"><span style=\"font-family:&quot;Times New Roman&quot;,&quot;serif&quot;\">а</span></span><span style=\"font-size:14.0pt\"><span style=\"font-family:&quot;Times New Roman&quot;,&quot;serif&quot;\"> благодарственным письмом Управления образования ЮКО за лучшую авторскую программу, представленную на Республиканскую научно-практическую конференцию. 2014 г.</span></span></span></span></p>\r\n\r\n<p style=\"margin-left:38px\"><span style=\"font-size:11pt\"><span style=\"font-family:Calibri,sans-serif\"><span style=\"font-size:14.0pt\"><span style=\"font-family:&quot;Times New Roman&quot;,&quot;serif&quot;\">- Участвовала в организации городской предметной олимпиады и награждена благодарственным письмом городского отдела образования; 2018 г.</span></span></span></span></p>\r\n\r\n<p style=\"margin-left:38px\"><span style=\"font-size:11pt\"><span style=\"font-family:Calibri,sans-serif\"><span style=\"font-size:14.0pt\"><span style=\"font-family:&quot;Times New Roman&quot;,&quot;serif&quot;\">- Награжден</span></span><span style=\"font-size:14.0pt\"><span style=\"font-family:&quot;Times New Roman&quot;,&quot;serif&quot;\">а</span></span><span style=\"font-size:14.0pt\"><span style=\"font-family:&quot;Times New Roman&quot;,&quot;serif&quot;\"> Благодарственным письмом Министра образования и науки Республики Казахстан за вклад в развитие системы образования; 2019 г.</span></span></span></span></p>\r\n\r\n<p>&nbsp;</p>\r\n\r\n<p><span style=\"font-size:11pt\"><span style=\"font-family:Calibri,sans-serif\"><span style=\"font-size:14.0pt\"><span style=\"font-family:&quot;Times New Roman&quot;,&quot;serif&quot;\">В настоящее время в соответствии со своей должностью выполняет следующие задачи: организует учебный процесс в образовательных учреждениях. Организует текущее и стратегическое планирование образовательных организаций</span></span><span style=\"font-size:14.0pt\"><span style=\"font-family:&quot;Times New Roman&quot;,&quot;serif&quot;\">. О</span></span><span style=\"font-size:14.0pt\"><span style=\"font-family:&quot;Times New Roman&quot;,&quot;serif&quot;\">рганизует разработку учебно-методической документации для обеспечения качества учебного процесса. Осуществляет контроль качества учебного процесса, выполнения учебных планов и программ. Осуществляет организацию работы по проведению и подготовке текущего контроля, промежуточной и итоговой аттестации студентов.</span></span></span></span></p>\r\n\r\n<p><span style=\"font-size:11pt\"><span style=\"font-family:Calibri,sans-serif\"><span style=\"font-size:14.0pt\"><span style=\"font-family:&quot;Times New Roman&quot;,&quot;serif&quot;\">&nbsp;&nbsp;&nbsp;&nbsp;&nbsp; Координирует работу по оснащению аудиторий современным оборудованием, наглядными пособиями и новыми учебными пособиями. Изучает и распространяет внедрение инновационных технологий обучения на практике. Обеспечивает соблюдение требований правил и норм по охране труда, технической безопасности и пожарной безопасности. Отчетность об учебной работе обеспечивает своевременную подготовку, правильность и подачу документов.</span></span></span></span></p>", "about_en": "<p style=\"text-align:center\"><span style=\"font-size:11pt\"><span style=\"font-family:Calibri,sans-serif\"><strong><span style=\"font-size:14.0pt\"><span style=\"font-family:&quot;Times New Roman&quot;,&quot;serif&quot;\">Deputy Director for Academic Affairs of the Shymkent Higher Pedagogical College</span></span></strong></span></span></p>\r\n\r\n<p style=\"text-align:center\">&nbsp;</p>\r\n\r\n<p style=\"text-align:center\"><span style=\"font-size:11pt\"><span style=\"font-family:Calibri,sans-serif\"><strong><span style=\"font-size:14.0pt\"><span style=\"font-family:&quot;Times New Roman&quot;,&quot;serif&quot;\">Ibraeva Lyudmila Makhatovna</span></span></strong></span></span></p>\r\n\r\n<p style=\"text-align:center\">&nbsp;</p>\r\n\r\n<p style=\"text-align:center\"><span style=\"font-size:11pt\"><span style=\"font-family:Calibri,sans-serif\"><strong><span style=\"font-size:14.0pt\"><span style=\"font-family:&quot;Times New Roman&quot;,&quot;serif&quot;\">Contact phone: 50-61-36</span></span></strong></span></span></p>\r\n\r\n<p style=\"text-align:center\"><span style=\"font-size:11pt\"><span style=\"font-family:Calibri,sans-serif\"><span style=\"font-size:14.0pt\"><span style=\"font-family:&quot;Times New Roman&quot;,&quot;serif&quot;\">Email: ibrayeva.mila@mail.ru</span></span></span></span></p>\r\n\r\n<p style=\"text-align:center\">&nbsp;</p>\r\n\r\n<p style=\"text-align:center\"><span style=\"font-size:11pt\"><span style=\"font-family:Calibri,sans-serif\"><strong><span style=\"font-size:14.0pt\"><span style=\"font-family:&quot;Times New Roman&quot;,&quot;serif&quot;\">Educator of the highest category of sociology.</span></span></strong></span></span></p>\r\n\r\n<p style=\"text-align:center\"><span style=\"font-size:11pt\"><span style=\"font-family:Calibri,sans-serif\"><span style=\"font-size:14.0pt\"><span style=\"font-family:&quot;Times New Roman&quot;,&quot;serif&quot;\">Ibraeva Lyudmila Makhatovna was born on December 5, 1976 in the Shielinsky district of the Kyzylorda region. In 1994 he entered the International Kazakh-Turkish University named after K.A. Yassawi with a degree in sociology, from which he graduated with honors in 1998. She began her career in 1998 at the International Kazakh-Turkish University named after K.A. Yassawi. From 2000 to 2004 he worked at the secondary school named after Abai in the Otyrsky district. She has been with the college since its inception. ... Her scientific research and experience at methodological events were disseminated among colleagues as an example of best practice, articles were published in city, regional and republican publications. She prepared a set of textbooks, lectures, seminar questions and terms for college students in the disciplines &quot;Fundamentals of Political Science and Sociology.&quot;</span></span></span></span></p>\r\n\r\n<p style=\"margin-left:66px\"><span style=\"font-size:11pt\"><span style=\"font-family:Calibri,sans-serif\"><span style=\"font-size:14.0pt\"><span style=\"font-family:&quot;Times New Roman&quot;,&quot;serif&quot;\">- Awarded the medal &quot;Excellence in Education&quot; of the Public Association &quot;Kurmet-AB&quot; RK, South Kazakhstan region; 2013</span></span></span></span></p>\r\n\r\n<p style=\"margin-left:66px\"><span style=\"font-size:11pt\"><span style=\"font-family:Calibri,sans-serif\"><span style=\"font-size:14.0pt\"><span style=\"font-family:&quot;Times New Roman&quot;,&quot;serif&quot;\">- Awarded a letter of gratitude from the Department of Education of the South Kazakhstan region for the best author&#39;s program presented at the Republican scientific and practical conference. 2014</span></span></span></span></p>\r\n\r\n<p style=\"margin-left:66px\"><span style=\"font-size:11pt\"><span style=\"font-family:Calibri,sans-serif\"><span style=\"font-size:14.0pt\"><span style=\"font-family:&quot;Times New Roman&quot;,&quot;serif&quot;\">- Participated in the organization of the city subject Olympiad and was awarded a letter of thanks from the city department of education; Oct 2018</span></span></span></span></p>\r\n\r\n<p style=\"margin-left:66px\"><span style=\"font-size:11pt\"><span style=\"font-family:Calibri,sans-serif\"><span style=\"font-size:14.0pt\"><span style=\"font-family:&quot;Times New Roman&quot;,&quot;serif&quot;\">- Awarded a letter of gratitude from the Minister of Education and Science of the Republic of Kazakhstan for her contribution to the development of the education system; Dec 2019</span></span></span></span></p>\r\n\r\n<p style=\"text-align:center\">&nbsp;</p>\r\n\r\n<p style=\"text-align:center\"><span style=\"font-size:11pt\"><span style=\"font-family:Calibri,sans-serif\"><span style=\"font-size:14.0pt\"><span style=\"font-family:&quot;Times New Roman&quot;,&quot;serif&quot;\">Currently, in accordance with his position, he performs the following tasks: organizes the educational process in educational institutions. Organizes the current and strategic planning of educational organizations. Organizes the development of educational and methodological documentation to ensure the quality of the educational process. Carries out quality control of the educational process, the implementation of curricula and programs. Carries out the organization of work on the conduct and preparation of current control, intermediate and final certification of students.</span></span></span></span></p>\r\n\r\n<p style=\"text-align:center\"><span style=\"font-size:11pt\"><span style=\"font-family:Calibri,sans-serif\"><span style=\"font-size:14.0pt\"><span style=\"font-family:&quot;Times New Roman&quot;,&quot;serif&quot;\">&nbsp;&nbsp;&nbsp;&nbsp;&nbsp; Coordinates work on equipping classrooms with modern equipment, visual aids and new teaching aids. Studies and disseminates the implementation of innovative teaching technologies in practice. Ensures compliance with the requirements of rules and regulations for labor protection, technical safety and fire safety. Reporting on educational work ensures timely preparation, correctness and submission of documents.</span></span></span></span></p>", "about_kk": "<p style=\"text-align:center\"><span style=\"font-size:11pt\"><span style=\"font-family:Calibri,sans-serif\"><strong><span style=\"font-size:14.0pt\"><span style=\"font-family:&quot;Times New Roman&quot;,&quot;serif&quot;\">Shymkent жоғары педагогикалық колледжінің директордың оқу ісі жөніндегі орынбасары</span></span></strong></span></span></p>\r\n\r\n<p style=\"text-align:justify\">&nbsp;</p>\r\n\r\n<p style=\"text-align:center\"><span style=\"font-size:11pt\"><span style=\"font-family:Calibri,sans-serif\"><strong><span style=\"font-size:14.0pt\"><span style=\"font-family:&quot;Times New Roman&quot;,&quot;serif&quot;\">Ибраева Людмила Махатовна</span></span></strong></span></span></p>\r\n\r\n<p style=\"text-align:center\">&nbsp;</p>\r\n\r\n<p style=\"text-align:center\"><span style=\"font-size:11pt\"><span style=\"font-family:Calibri,sans-serif\"><strong><span style=\"font-size:14.0pt\"><span style=\"font-family:&quot;Times New Roman&quot;,&quot;serif&quot;\">Байланыс телефоны: 50-61-36</span></span></strong></span></span></p>\r\n\r\n<p style=\"text-align:center\"><span style=\"font-size:11pt\"><span style=\"font-family:Calibri,sans-serif\"><span style=\"font-size:14.0pt\"><span style=\"font-family:&quot;Times New Roman&quot;,&quot;serif&quot;\">Е-mail:&nbsp; </span></span><a href=\"mailto:ibrayeva.mila@mail.ru\" style=\"color:blue; text-decoration:underline\"><span style=\"font-size:14.0pt\"><span style=\"background-color:white\"><span style=\"font-family:&quot;Times New Roman&quot;,&quot;serif&quot;\">ibrayeva.mila@mail.ru</span></span></span></a></span></span></p>\r\n\r\n<p style=\"text-align:center\">&nbsp;</p>\r\n\r\n<p style=\"text-align:center\"><span style=\"font-size:11pt\"><span style=\"font-family:Calibri,sans-serif\"><strong><span style=\"font-size:14.0pt\"><span style=\"font-family:&quot;Times New Roman&quot;,&quot;serif&quot;\">Әлеуметтану пәнінің жоғары санатты оқытушысы</span></span></strong></span></span></p>\r\n\r\n<p style=\"text-align:center\">&nbsp;</p>\r\n\r\n<p><span style=\"font-size:11pt\"><span style=\"font-family:Calibri,sans-serif\"><span style=\"font-size:14.0pt\"><span style=\"font-family:&quot;Times New Roman&quot;,&quot;serif&quot;\">Ибраева Людмила Махатовна 1976 жылдың 5 желтоқсанында Қызылорда облысы , Шиелі ауданында дүниеге келген. &nbsp;1994 жылы&nbsp; Қ.А.Иассауи атындағы &nbsp;Халықаралық Қазақ-Түрік университетінің&nbsp; әлеуметтану мамандығына түсіп, 1998 жылы университетті үздік &nbsp;дипломмен аяқтап шықты. Ең алғашқы еңбек жолын 1998 жылы Қ.А.Иассауи атындағы &nbsp;Халықаралық Қазақ-Түрік университет қабырғасынан бастаған. 2000-2004 жылдар аралығында Отырар ауданының Абай атындағы орта мектебінде еңбек еткен. Колледжде&nbsp; ең алғашқы ашылған жылынан, яғни 2004 жылдан бастап қазіргі таңға дейін &nbsp;қызмет атқарып келеді. Осы жылдар аралығында </span></span></span></span></p>\r\n\r\n<p style=\"text-align:justify\"><span style=\"font-size:11pt\"><span style=\"font-family:Calibri,sans-serif\"><span style=\"font-size:14.0pt\"><span style=\"font-family:&quot;Times New Roman&quot;,&quot;serif&quot;\">Саясаттану және әлеуметтану негіздері</span></span><span style=\"font-size:14.0pt\"><span style=\"font-family:&quot;Times New Roman&quot;,&quot;serif&quot;\"> пәнінен мемлекеттік стандартқа сай білім беруде оқыту мен оқудың жаңару бағытын біліктілік арттыру орталықтары арқылы толық меңгерген. Әдістемелік іс-шараларда ғылыми ізденістері, іс-тәжірибесі әріптестеріне озат тәжірибе үлгісі ретінде таратылған, қалалық, аймақтық, республикалық басылымдарда мақалалары жарияланған. </span></span><span style=\"font-size:14.0pt\"><span style=\"font-family:&quot;Times New Roman&quot;,&quot;serif&quot;\">Колледж студенттеріне арналған бірнеше &laquo;Саясаттану және әлеуметтану негіздері&raquo; пәндерінен оқу- әдістемелік нұсқаулар, лекциялар, семинар сабағының сұрақтары мен терминдер&nbsp; жинағын даярлаған</span></span><span style=\"font-size:14.0pt\"><span style=\"font-family:&quot;Times New Roman&quot;,&quot;serif&quot;\">.</span></span></span></span></p>\r\n\r\n<ul>\r\n\t<li style=\"text-align:justify\"><span style=\"font-size:11pt\"><span style=\"font-family:Calibri,sans-serif\"><span style=\"font-size:14.0pt\"><span style=\"font-family:&quot;Times New Roman&quot;,&quot;serif&quot;\">ҚР,ОҚО &laquo;Qurmet-AB&raquo; Қоғамдық бірлестігінің &laquo;Білім беру ісінің үздігі&raquo; медалімен марапатталған; 2013 жыл</span></span></span></span></li>\r\n\t<li style=\"text-align:justify\"><span style=\"font-size:11pt\"><span style=\"font-family:Calibri,sans-serif\"><span style=\"font-size:14.0pt\"><span style=\"font-family:&quot;Times New Roman&quot;,&quot;serif&quot;\">Республикалық ғылыми &ndash; практикалық конференциясына ұсынған үздік авторлық бағдарламасы үшін ОҚО білім басқармасының <strong>алғыс хатымен</strong> марапатталды. 2014 жыл </span></span></span></span></li>\r\n\t<li style=\"text-align:justify\"><span style=\"font-size:11pt\"><span style=\"font-family:Calibri,sans-serif\"><span style=\"font-size:14.0pt\"><span style=\"font-family:&quot;Times New Roman&quot;,&quot;serif&quot;\">Студенттердің аймақтық ғылыми конференциясында жетекшілік жасаған білім алушысы ерекше көзге түсіп, Облыстық білім басқармасының <strong>алғыс хатымен</strong> марапатталды; 2017 жыл</span></span></span></span></li>\r\n\t<li style=\"text-align:justify\"><span style=\"font-size:11pt\"><span style=\"font-family:Calibri,sans-serif\"><span style=\"font-size:14.0pt\"><span style=\"font-family:&quot;Times New Roman&quot;,&quot;serif&quot;\">Қалалық пәндер олимпиадасын ұйымдастыруға ат салысып, қалалық білім бөлімінің <strong>алғыс хатымен</strong> марапатталды; 2018 жыл</span></span></span></span></li>\r\n\t<li style=\"text-align:justify\"><span style=\"font-size:11pt\"><span style=\"font-family:Calibri,sans-serif\"><span style=\"font-size:14.0pt\"><span style=\"font-family:&quot;Times New Roman&quot;,&quot;serif&quot;\">Білім беру жүйесін дамытуға қосқан үлесі үшін ҚР Білім және ғылым министрінің&nbsp; <strong>алғыс хатымен&nbsp; марапатталған; </strong>2019 жыл</span></span></span></span></li>\r\n</ul>\r\n\r\n<p style=\"margin-left:28px\">&nbsp;</p>\r\n\r\n<p style=\"margin-left:28px; text-align:justify\"><span style=\"font-size:11pt\"><span style=\"font-family:Calibri,sans-serif\"><span style=\"font-size:14.0pt\"><span style=\"font-family:&quot;Times New Roman&quot;,&quot;serif&quot;\">Қазіргі таңда&nbsp; лауазымына сай төмендегі міндеттерді атқаруда:<strong> </strong></span></span><span style=\"font-size:14.0pt\"><span style=\"font-family:&quot;Times New Roman&quot;,&quot;serif&quot;\"><span style=\"color:black\">білім беру ұйымдарында оқу процесін ұйымдастыруды, оқу жұмысын ұйымдастыру жөнінде жоспарларды әзірлеуді жүзеге асырады.&nbsp;Білім беру ұйымдары жұмысының ағымдағы және стратегиялық жоспарлауын ұйымдастырады, оқу жоспарлары мен оқыту, үлгі оқу бағдарламаларын оқытушылардың орындауы бойынша жұмысын үйлестіреді, сондай-ақ оқу процесінің сапасын қамтамасыз ету үшін қажетті оқу-әдістемелік құжаттамаларды әзірлеуді ұйымдастырады, оны ұйымдастыруда жаңа тәсілдерді қамтамасыз етеді.&nbsp; Оқу процесінің сапасын бақылауды, оқу жоспары мен бағдарламалардың орындалуын жүзеге асырады. Білім алушылардың ағымдағы бақылауын, аралық және қорытынды аттестаттауын өткізу және дайындау бойынша жұмыстарды ұйымдастыруды жүзеге асырады.&nbsp;<br />\r\n&nbsp;&nbsp;&nbsp;&nbsp;&nbsp; Педагогтік кадрларды іріктеу мен орналастыруға қатысады. Педагог кадрларды аттестаттаудан өткізу және дайындау жұмыстарына қатысады.&nbsp;Оқу кабинеттерін қазіргі жабдықтармен, көрнекі құралдармен және оқытудың жаңа құралдарымен жарақтау жұмыстарын үйлестіреді. Практикаға оқытудың инновациялық технологияларын енгізуді зерделейді және таратады.&nbsp;Еңбекті қорғау, техникалық қауіпсіздік және өртке қарсы ережелер мен нормаларының талаптарын орындауды қамтамасыз етеді. Оқу жұмысы жөніндегі есептілік құжаттарды уақытылы жасауды, олардың дұрыстығын және тапсырылуын қамтамасыз етеді.</span></span></span></span></span></p>\r\n\r\n<p>&nbsp;</p>\r\n\r\n<p>&nbsp;</p>\r\n\r\n<p>&nbsp;</p>\r\n\r\n<p>&nbsp;</p>\r\n\r\n<p>&nbsp;</p>\r\n\r\n<p>&nbsp;</p>\r\n\r\n<p>&nbsp;</p>\r\n\r\n<p>&nbsp;</p>\r\n\r\n<p>&nbsp;</p>\r\n\r\n<p>&nbsp;</p>\r\n\r\n<p>&nbsp;</p>\r\n\r\n<p>&nbsp;</p>\r\n\r\n<p>&nbsp;</p>\r\n\r\n<p>&nbsp;</p>\r\n\r\n<p>&nbsp;</p>\r\n\r\n<p style=\"text-align:center\"><span style=\"font-size:11pt\"><span style=\"font-family:Calibri,sans-serif\"><strong><span style=\"font-size:14.0pt\"><span style=\"font-family:&quot;Times New Roman&quot;,&quot;serif&quot;\">Кожанова Эльзира Ергалиевна&nbsp; &nbsp;колледждің сыртқы бөлім әдіскері,&nbsp;&nbsp;&nbsp; педагогика ғылымдарының магистрі</span></span></strong></span></span></p>\r\n\r\n<p><span style=\"font-size:11pt\"><span style=\"font-family:Calibri,sans-serif\"><span style=\"font-size:14.0pt\"><span style=\"font-family:&quot;Times New Roman&quot;,&quot;serif&quot;\">Туған жылы :<span style=\"background-color:#f8f9fa\"><span style=\"color:#212529\"> 25.03.1990ж&nbsp;&nbsp; </span></span></span></span></span></span></p>\r\n\r\n<p><span style=\"font-size:11pt\"><span style=\"font-family:Calibri,sans-serif\"><span style=\"font-size:14.0pt\"><span style=\"font-family:&quot;Times New Roman&quot;,&quot;serif&quot;\">Тел: +7&nbsp;701&nbsp;188 89 90</span></span></span></span></p>\r\n\r\n<p><span style=\"font-size:11pt\"><span style=\"font-family:Calibri,sans-serif\"><span style=\"font-size:14.0pt\"><span style=\"font-family:&quot;Times New Roman&quot;,&quot;serif&quot;\">Е-mail:&nbsp; </span></span><a href=\"mailto:Elzira-90@mail.ru\" style=\"color:blue; text-decoration:underline\"><span style=\"font-size:14.0pt\"><span style=\"background-color:white\"><span style=\"font-family:&quot;Times New Roman&quot;,&quot;serif&quot;\">Elzira-90@mail.ru</span></span></span></a></span></span></p>\r\n\r\n<p><span style=\"font-size:11pt\"><span style=\"font-family:Calibri,sans-serif\"><span style=\"font-size:14.0pt\"><span style=\"font-family:&quot;Times New Roman&quot;,&quot;serif&quot;\">Сыртқы бөлім оқытушылары мен білім алушылары үшін сабақ кестесін, сабақ жоспарларын, КТЖ, ЖБ, сессияға шақыру, журнал 2НК есебін, кәсіби тәжірибие курстық жұмыстарының, жинақ ведомстарының рәсімделуіне басшылық жасайды</span></span></span></span></p>\r\n\r\n<p style=\"text-align:center\">&nbsp;</p>\r\n\r\n<p style=\"text-align:center\"><span style=\"font-size:11pt\"><span style=\"font-family:Calibri,sans-serif\"><strong><span style=\"font-size:14.0pt\"><span style=\"font-family:&quot;Times New Roman&quot;,&quot;serif&quot;\">Бимуханова Лайла Шаяхметовна&nbsp; оқу бөлімінің диспетчері,&nbsp;&nbsp;&nbsp;&nbsp;&nbsp;&nbsp; педагогика ғылымдарының магистрі</span></span></strong></span></span></p>\r\n\r\n<p><span style=\"font-size:11pt\"><span style=\"font-family:Calibri,sans-serif\"><span style=\"font-size:14.0pt\"><span style=\"font-family:&quot;Times New Roman&quot;,&quot;serif&quot;\">Туған жылы :<span style=\"background-color:#f8f9fa\"><span style=\"color:#212529\"> 16.07.1983ж </span></span></span></span></span></span></p>\r\n\r\n<p><span style=\"font-size:11pt\"><span style=\"font-family:Calibri,sans-serif\"><span style=\"font-size:14.0pt\"><span style=\"font-family:&quot;Times New Roman&quot;,&quot;serif&quot;\">Тел: +7&nbsp;705&nbsp;350 91 19</span></span></span></span></p>\r\n\r\n<p><span style=\"font-size:11pt\"><span style=\"font-family:Calibri,sans-serif\"><span style=\"font-size:14.0pt\"><span style=\"font-family:&quot;Times New Roman&quot;,&quot;serif&quot;\">Е-mail:&nbsp; </span></span><a href=\"mailto:lbimukhanova2020@mail.ru\" style=\"color:blue; text-decoration:underline\"><span style=\"font-size:14.0pt\"><span style=\"background-color:white\"><span style=\"font-family:&quot;Times New Roman&quot;,&quot;serif&quot;\">lbimukhanova2020@mail.ru</span></span></span></a></span></span></p>\r\n\r\n<p><span style=\"font-size:11pt\"><span style=\"font-family:Calibri,sans-serif\"><span style=\"font-size:14.0pt\"><span style=\"font-family:&quot;Times New Roman&quot;,&quot;serif&quot;\">Күндізгі бөлім оқытушылары мен білім алушылары үшін сабақ кестесін жасайды, оқу процесінің өз уақытында жүргізілуіне бақылау жасайды.</span></span></span></span></p>\r\n\r\n<p>&nbsp;</p>\r\n\r\n<p>&nbsp;</p>\r\n\r\n<p style=\"text-align:center\"><span style=\"font-size:11pt\"><span style=\"font-family:Calibri,sans-serif\"><strong><span style=\"font-size:14.0pt\"><span style=\"font-family:&quot;Times New Roman&quot;,&quot;serif&quot;\">Нуриддинов Рахмонбек Мухиддинұлы оқу бөлімінің менеджері</span></span></strong></span></span></p>\r\n\r\n<p><span style=\"font-size:11pt\"><span style=\"font-family:Calibri,sans-serif\"><span style=\"font-size:14.0pt\"><span style=\"font-family:&quot;Times New Roman&quot;,&quot;serif&quot;\">1997 жылы 11 желтоқсан</span></span></span></span></p>\r\n\r\n<p><span style=\"font-size:11pt\"><span style=\"font-family:Calibri,sans-serif\"><span style=\"font-size:14.0pt\"><span style=\"font-family:&quot;Times New Roman&quot;,&quot;serif&quot;\">Тел: +7&nbsp;708&nbsp;713 78 97</span></span></span></span></p>\r\n\r\n<p><span style=\"font-size:11pt\"><span style=\"font-family:Calibri,sans-serif\"><span style=\"font-size:14.0pt\"><span style=\"font-family:&quot;Times New Roman&quot;,&quot;serif&quot;\">Е-mail:&nbsp; </span></span><a href=\"mailto:rahmonbekn@gmail.com\" style=\"color:blue; text-decoration:underline\"><span style=\"font-size:14.0pt\"><span style=\"background-color:white\"><span style=\"font-family:&quot;Times New Roman&quot;,&quot;serif&quot;\">rahmonbekn@gmail.com</span></span></span></a></span></span></p>\r\n\r\n<p><span style=\"font-size:11pt\"><span style=\"font-family:Calibri,sans-serif\"><span style=\"font-size:14.0pt\"><span style=\"font-family:&quot;Times New Roman&quot;,&quot;serif&quot;\"><span style=\"color:black\">Білім алушылардың ағымдағы бақылауын, аралық және қорытынды аттестаттауы, курстық жұмыстар кестелерін әзірлейді. Оқу платформасындағы мәліметтерді енгізеді. </span></span></span></span></span></p>\r\n\r\n<p>&nbsp;</p>\r\n\r\n<p>&nbsp;</p>", "photo": "government/WhatsApp_Image_2020-12-10_at_10.52.37.jpeg", "order": 7}}, {"model": "employeesapp.government", "pk": 5, "fields": {"name": "Шек Анастасия Станиславовна", "name_ru": "Шек Анастасия Станиславовна", "name_en": "Shek Anastasia Stanislavovna", "name_kk": "Шек Анастасия Станиславовна", "age": 28, "position": "Главный бухгалтер", "position_ru": "Главный бухгалтер", "position_en": "Chief Accountant", "position_kk": "Бас бухгалтер", "isimp": false, "about": "Пишите описание", "about_ru": "Пишите описание", "about_en": "Пишите описание", "about_kk": "Пишите описание", "photo": "government/WhatsApp_Image_2020-12-10_at_11.09.17.jpeg", "order": 5}}, {"model": "employeesapp.government", "pk": 6, "fields": {"name": "Ибрагимова Гульзираш Муратбековна", "name_ru": "Ибрагимова Гульзираш Муратбековна", "name_en": "Ibragimova Gulzirash Muratbekovna", "name_kk": "Ибрагимова Гульзираш Муратбековна", "age": 51, "position": "зав. отделением гуманитарных дисциплин", "position_ru": "зав. отделением гуманитарных дисциплин", "position_en": "Head of the Department of Humanities", "position_kk": "Гуманитарлық пәндер кафедрасының меңгерушісі", "isimp": false, "about": "<p>Пишите описание</p>", "about_ru": "<p>Пишите описание</p>", "about_en": "<p>Пишите описание</p>", "about_kk": "<p>Ибрагимова Гүлзира Муратбековна -&quot;Педагогикалық пәндер&quot; бөлімінің меңгерушісі.<br />\r\nБөлімдегі оқу-тәрбие,әдістемелік жұыстар, оқу жоспары мен оқу бағдарламаларының орындалуы,оқытушылардың жоспарына арналған материалдардың дайындығы және олардың орындалуын бақылауды жүзеге асырады.Оқу пәндерінің оқыту сапасын қамтамасыз етеді және бақылайды. Педагогикалық кеңестерге материалдарды дайындауды қамтамасыз етеді.</p>", "photo": "government/WhatsApp_Image_2020-12-10_at_10.52.35_1.jpeg", "order": 9}}, {"model": "employeesapp.government", "pk": 8, "fields": {"name": "Мамедов Рихсибай Абдурахманович", "name_ru": "Мамедов Рихсибай Абдурахманович", "name_en": "Mamedov Rikhsibay Abdurahmanovich", "name_kk": "Мамедов Рихсибай Абдурахманович", "age": 31, "position": "Советник президента", "position_ru": "Советник президента", "position_en": "Adviser to the President", "position_kk": "Президент кеңесшісі", "isimp": true, "about": "<p>Пишите описание</p>", "about_ru": "<p>Пишите описание</p>", "about_en": "<p>Пишите описание</p>", "about_kk": "<p>Пишите описание</p>", "photo": "government/рихсибай_.jpeg", "order": 3}}, {"model": "employeesapp.government", "pk": 10, "fields": {"name": "Турдиниязова Гавхар Сабиржановна", "name_ru": "Турдиниязова Гавхар Сабиржановна", "name_en": "Turdiniyazova Gavkhar Sabirzhanovna", "name_kk": "Турдиниязова Гавхар Сабиржановна", "age": 31, "position": "зав. суденч. канцелярией", "position_ru": "зав. суденч. канцелярией", "position_en": "Head of student office", "position_kk": "Студенттік кеңсе меңгерушісі", "isimp": false, "about": "<p>Пишите описание</p>", "about_ru": "<p>Пишите описание</p>", "about_en": "<p>Пишите описание</p>", "about_kk": "<p><span style=\"font-size:11pt\"><span style=\"font-family:Calibri,sans-serif\"><strong><span style=\"font-size:12.0pt\"><span style=\"font-family:&quot;Times New Roman&quot;,&quot;serif&quot;\">Турдиниязова Гаухар&nbsp; Сабиржановна</span></span></strong></span></span></p>\r\n\r\n<p><span style=\"font-size:11pt\"><span style=\"font-family:Calibri,sans-serif\"><strong><span style=\"font-size:12.0pt\"><span style=\"font-family:&quot;Times New Roman&quot;,&quot;serif&quot;\">&#39;&#39;Shymkent&nbsp; jogary&nbsp; pedagogikalyq&nbsp; kolledji &#39; &#39;- нің студенттік кеңсе меңгерушісі.</span></span></strong></span></span></p>\r\n\r\n<p><span style=\"font-size:11pt\"><span style=\"font-family:Calibri,sans-serif\"><strong><span style=\"font-size:12.0pt\"><span style=\"font-family:&quot;Times New Roman&quot;,&quot;serif&quot;\">2013жылы &nbsp;&laquo;Информатика&raquo; мамандығы бойынша Магистрі академиялық дәрежесі берілген. 1 &ndash; санатты мұғалім. 2010жылдан бастап&nbsp; аталған колледжде еңбек етуде.</span></span></strong></span></span></p>\r\n\r\n<p><span style=\"font-size:11pt\"><span style=\"font-family:Calibri,sans-serif\"><strong><span style=\"font-size:12.0pt\"><span style=\"font-family:&quot;Times New Roman&quot;,&quot;serif&quot;\">Бұл қызметте студенттердің оқуға қабылдау құжаттарының рәсімделуін жинақтап, бақылап, талдап әр топқа отырған бұйрық бойынша бекітеді. Колледж білім алушыларының толық базасын жасайды.Колледж студенттеріне анықтама құжаттарын даярлап, тіркеуден өткізеді.</span></span></strong></span></span></p>", "photo": "government/Гавхар_концелярия.jpg", "order": 10}}, {"model": "employeesapp.government", "pk": 11, "fields": {"name": "Хакимова Галяш Сеитовна", "name_ru": "Хакимова Галяш Сеитовна", "name_en": "Khakimova Galyash Seitovna", "name_kk": "Хакимова Галяш Сеитовна", "age": 62, "position": "заведующий библиотекой", "position_ru": "заведующий библиотекой", "position_en": "head of the library", "position_kk": "кітапхана меңгерушісі", "isimp": false, "about": "Пишите описание", "about_ru": "Пишите описание", "about_en": "Пишите описание", "about_kk": "Пишите описание", "photo": "government/Библиотекар.jpg", "order": 11}}, {"model": "employeesapp.government", "pk": 12, "fields": {"name": "Нуриддинов Рахмонбек Мухиддинұлы", "name_ru": "Нуриддинов Рахмонбек Мухиддинұлы", "name_en": "Nuriddinov Rahmonbek Muhiddinuli", "name_kk": "Нуриддинов Рахмонбек Мухиддинұлы", "age": 23, "position": "Менеджер учебного отдела", "position_ru": "Менеджер учебного отдела", "position_en": "Training Department Manager", "position_kk": "Оқу бөлімінің  менеджері", "isimp": false, "about": "Пишите описание", "about_ru": "Пишите описание", "about_en": "Пишите описание", "about_kk": "Пишите описание", "photo": "government/Нуриддинов_Рахманбек.JPG", "order": 12}}, {"model": "employeesapp.government", "pk": 13, "fields": {"name": "Кулабдуллаева Махмуда", "name_ru": "Кулабдуллаева Махмуда", "name_en": "Кулабдуллаева Махмуда", "name_kk": "Кулабдуллаева Махмуда", "age": 25, "position": "Лаборант", "position_ru": "Лаборант", "position_en": "Laboratory assistant", "position_kk": "Laboratory assistant", "isimp": false, "about": "Пишите описание", "about_ru": "Пишите описание", "about_en": "Пишите описание", "about_kk": "Пишите описание", "photo": "government/Кулабдуллаева_Махмуда.JPG", "order": 13}}, {"model": "employeesapp.government", "pk": 14, "fields": {"name": "Мәлік Жанерке Ерланқызы", "name_ru": "Мәлік Жанерке Ерланқызы", "name_en": "Malik Zhanerke Erlanqyzy", "name_kk": "Мәлік Жанерке Ерланқызы", "age": 20, "position": "Лаборант", "position_ru": "Лаборант", "position_en": "Laboratory assistant", "position_kk": "Лаборант", "isimp": false, "about": "Пишите описание", "about_ru": "Пишите описание", "about_en": "Пишите описание", "about_kk": "Пишите описание", "photo": "government/Мәлік_Жанерке.JPG", "order": 14}}, {"model": "employeesapp.government", "pk": 15, "fields": {"name": "Разаков Алишер Шадикаримович", "name_ru": "Разаков Алишер Шадикаримович", "name_en": "Razakov Alisher Shadikarimovich", "name_kk": "Разаков Алишер Шадикаримович", "age": 29, "position": "Комендант", "position_ru": "Комендант", "position_en": "Commandant", "position_kk": "Комендант", "isimp": false, "about": "<p>Пишите описание</p>", "about_ru": "<p>Пишите описание</p>", "about_en": "<p>Пишите описание</p>", "about_kk": "<p>Разаков Алишер Шадикаримович &ldquo;Silkway халыларалық университеті&rdquo; жатаханасының коменданты&nbsp;<br />\r\nТел номер: 87787884491<br />\r\nЭл почта:alisher30101991@mail.ru</p>", "photo": "government/Разаков_Алишер.JPG", "order": 15}}, {"model": "employeesapp.government", "pk": 16, "fields": {"name": "Сауырбаева Гаухар Алтыбаевна", "name_ru": "Сауырбаева Гаухар Алтыбаевна", "name_en": "Sauyrbaeva Gaukhar Altybaevna", "name_kk": "Сауырбаева Гаухар Алтыбаевна", "age": 50, "position": "Медсестра", "position_ru": "Медсестра", "position_en": "Медсестра", "position_kk": "Медбике", "isimp": false, "about": "Пишите описание", "about_ru": "Пишите описание", "about_en": "Пишите описание", "about_kk": "Пишите описание", "photo": "government/Сауырбаева_Гаухар.JPG", "order": 16}}, {"model": "employeesapp.government", "pk": 17, "fields": {"name": "Кожанова Эльзира Эльзира", "name_ru": "Кожанова Эльзира Эльзира", "name_en": "Kozhanova Elzira Ergalievna", "name_kk": "Кожанова Эльзира Эльзира", "age": 30, "position": "методист экстерната колледжа", "position_ru": "методист экстерната колледжа", "position_en": "methodologist of the external studies of the college", "position_kk": "колледждің сыртқы бөлім әдіскері", "isimp": false, "about": "<p style=\"text-align:center\"><span style=\"font-size:11pt\"><span style=\"font-family:Calibri,sans-serif\"><strong><span style=\"font-size:14.0pt\"><span style=\"font-family:&quot;Times New Roman&quot;,&quot;serif&quot;\">Кожанова Эльзира Ергалиевна - методист экстерната колледжа, магистр педагогических наук.</span></span></strong></span></span></p>\r\n\r\n<p><span style=\"font-size:11pt\"><span style=\"font-family:Calibri,sans-serif\"><span style=\"font-size:14.0pt\"><span style=\"font-family:&quot;Times New Roman&quot;,&quot;serif&quot;\">Год рождения: 25 марта 1990 г.</span></span></span></span></p>\r\n\r\n<p><span style=\"font-size:11pt\"><span style=\"font-family:Calibri,sans-serif\"><span style=\"font-size:14.0pt\"><span style=\"font-family:&quot;Times New Roman&quot;,&quot;serif&quot;\">Тел .: +7 701 188 89 90</span></span></span></span></p>\r\n\r\n<p><span style=\"font-size:11pt\"><span style=\"font-family:Calibri,sans-serif\"><span style=\"font-size:14.0pt\"><span style=\"font-family:&quot;Times New Roman&quot;,&quot;serif&quot;\">E-mail: Elzira-90@mail.ru</span></span></span></span></p>\r\n\r\n<p><span style=\"font-size:11pt\"><span style=\"font-family:Calibri,sans-serif\">&nbsp;<span style=\"font-size:14.0pt\"><span style=\"font-family:&quot;Times New Roman&quot;,&quot;serif&quot;\">C</span></span><span style=\"font-size:14.0pt\"><span style=\"font-family:&quot;Times New Roman&quot;,&quot;serif&quot;\">оставляет расписание уроков для преподавателей и студентов зоочного отделения. Организует приглашений на сессию, готовить отчет по 2НК.</span></span></span></span></p>", "about_ru": "<p style=\"text-align:center\"><span style=\"font-size:11pt\"><span style=\"font-family:Calibri,sans-serif\"><strong><span style=\"font-size:14.0pt\"><span style=\"font-family:&quot;Times New Roman&quot;,&quot;serif&quot;\">Кожанова Эльзира Ергалиевна - методист экстерната колледжа, магистр педагогических наук.</span></span></strong></span></span></p>\r\n\r\n<p><span style=\"font-size:11pt\"><span style=\"font-family:Calibri,sans-serif\"><span style=\"font-size:14.0pt\"><span style=\"font-family:&quot;Times New Roman&quot;,&quot;serif&quot;\">Год рождения: 25 марта 1990 г.</span></span></span></span></p>\r\n\r\n<p><span style=\"font-size:11pt\"><span style=\"font-family:Calibri,sans-serif\"><span style=\"font-size:14.0pt\"><span style=\"font-family:&quot;Times New Roman&quot;,&quot;serif&quot;\">Тел .: +7 701 188 89 90</span></span></span></span></p>\r\n\r\n<p><span style=\"font-size:11pt\"><span style=\"font-family:Calibri,sans-serif\"><span style=\"font-size:14.0pt\"><span style=\"font-family:&quot;Times New Roman&quot;,&quot;serif&quot;\">E-mail: Elzira-90@mail.ru</span></span></span></span></p>\r\n\r\n<p><span style=\"font-size:11pt\"><span style=\"font-family:Calibri,sans-serif\">&nbsp;<span style=\"font-size:14.0pt\"><span style=\"font-family:&quot;Times New Roman&quot;,&quot;serif&quot;\">C</span></span><span style=\"font-size:14.0pt\"><span style=\"font-family:&quot;Times New Roman&quot;,&quot;serif&quot;\">оставляет расписание уроков для преподавателей и студентов зоочного отделения. Организует приглашений на сессию, готовить отчет по 2НК.</span></span></span></span></p>", "about_en": "<p style=\"text-align:center\"><span style=\"font-size:11pt\"><span style=\"font-family:Calibri,sans-serif\"><strong><span style=\"font-size:14.0pt\"><span style=\"font-family:&quot;Times New Roman&quot;,&quot;serif&quot;\">Kozhanova Elzira Ergalievna - methodologist of the external studies of the college, master of pedagogical sciences.</span></span></strong></span></span></p>\r\n\r\n<p><span style=\"font-size:11pt\"><span style=\"font-family:Calibri,sans-serif\"><span style=\"font-size:14.0pt\"><span style=\"font-family:&quot;Times New Roman&quot;,&quot;serif&quot;\">Year of birth: March 25, 1990</span></span></span></span></p>\r\n\r\n<p><span style=\"font-size:11pt\"><span style=\"font-family:Calibri,sans-serif\"><span style=\"font-size:14.0pt\"><span style=\"font-family:&quot;Times New Roman&quot;,&quot;serif&quot;\">Tel.: +7 701 188 89 90</span></span></span></span></p>\r\n\r\n<p><span style=\"font-size:11pt\"><span style=\"font-family:Calibri,sans-serif\"><span style=\"font-size:14.0pt\"><span style=\"font-family:&quot;Times New Roman&quot;,&quot;serif&quot;\">E-mail: Elzira-90@mail.ru</span></span></span></span></p>\r\n\r\n<p><span style=\"font-size:11pt\"><span style=\"font-family:Calibri,sans-serif\"><span style=\"font-size:14.0pt\"><span style=\"font-family:&quot;Times New Roman&quot;,&quot;serif&quot;\">&nbsp; Draws up a schedule of lessons for teachers and students of the zoo department. Organizes invitations to the session, prepare a report on 2NK.</span></span></span></span></p>", "about_kk": "<p style=\"text-align:center\"><span style=\"font-size:11pt\"><span style=\"font-family:Calibri,sans-serif\"><strong><span style=\"font-size:14.0pt\"><span style=\"font-family:&quot;Times New Roman&quot;,&quot;serif&quot;\">Кожанова Эльзира Ергалиевна&nbsp;&nbsp; колледждің сыртқы бөлім әдіскері,&nbsp;&nbsp;&nbsp; педагогика ғылымдарының магистрі</span></span></strong></span></span></p>\r\n\r\n<p><span style=\"font-size:11pt\"><span style=\"font-family:Calibri,sans-serif\"><span style=\"font-size:14.0pt\"><span style=\"font-family:&quot;Times New Roman&quot;,&quot;serif&quot;\">Туған жылы :<span style=\"background-color:#f8f9fa\"><span style=\"color:#212529\"> 25.03.1990ж&nbsp;&nbsp; </span></span></span></span></span></span></p>\r\n\r\n<p><span style=\"font-size:11pt\"><span style=\"font-family:Calibri,sans-serif\"><span style=\"font-size:14.0pt\"><span style=\"font-family:&quot;Times New Roman&quot;,&quot;serif&quot;\">Тел: +7&nbsp;701&nbsp;188 89 90</span></span></span></span></p>\r\n\r\n<p><span style=\"font-size:11pt\"><span style=\"font-family:Calibri,sans-serif\"><span style=\"font-size:14.0pt\"><span style=\"font-family:&quot;Times New Roman&quot;,&quot;serif&quot;\">Е-mail:&nbsp; </span></span><a href=\"mailto:Elzira-90@mail.ru\" style=\"color:blue; text-decoration:underline\"><span style=\"font-size:14.0pt\"><span style=\"background-color:white\"><span style=\"font-family:&quot;Times New Roman&quot;,&quot;serif&quot;\">Elzira-90@mail.ru</span></span></span></a></span></span></p>\r\n\r\n<p><span style=\"font-size:14.0pt\"><span style=\"font-family:&quot;Times New Roman&quot;,&quot;serif&quot;\">Сыртқы бөлім оқытушылары мен білім алушылары үшін сабақ кестесін, сабақ жоспарларын, КТЖ, ЖБ, сессияға шақыру, журнал 2НК есебін, кәсіби тәжірибие курстық жұмыстарының, жинақ ведомстарының рәсімделуіне басшылық жасайды.</span></span></p>", "photo": "government/9e04be91-54c8-4411-81b5-f93023291ee2.jpg", "order": 15}}, {"model": "employeesapp.employees", "pk": 1, "fields": {"name": "Алметова Сивара Хамиджановна", "name_ru": "Алметова Сивара Хамиджановна", "name_en": "Almetova Sivara Khamidzhanovna", "name_kk": "Алметова Сивара Хамиджановна", "age": 29, "specialization": 2, "qualification": 5, "about": "Пишите описание", "about_ru": "Пишите описание", "about_en": "Пишите описание", "about_kk": "Пишите описание", "position": "учитель иностранного языка", "position_ru": "учитель иностранного языка", "position_en": "English teacher", "position_kk": "Ағылшын тілі пәні мұғалімі", "photo": "employees/Алметова_Сивара.JPG"}}, {"model": "employeesapp.employees", "pk": 2, "fields": {"name": "Бимуханова Лайла Шаяхметовна", "name_ru": "Бимуханова Лайла Шаяхметовна", "name_en": "Bimukhanova Laila Shayakhmetovna", "name_kk": "Бимуханова Лайла Шаяхметовна", "age": 37, "specialization": 3, "qualification": 6, "about": "Пишите описание", "about_ru": "Пишите описание", "about_en": "Пишите описание", "about_kk": "Пишите описание", "position": "Преподаватель информатики", "position_ru": "Преподаватель информатики", "position_en": "Informatics teacher", "position_kk": "Информатика пәні мұғалімі", "photo": "employees/Бимуханова_Лайла.jpg"}}, {"model": "employeesapp.employees", "pk": 3, "fields": {"name": "Сатыбалдиев Атабек Юлдашевич", "name_ru": "Сатыбалдиев Атабек Юлдашевич", "name_en": "Satybaldiev Atabek Yuldashevich", "name_kk": "Сатыбалдиев Атабек Юлдашевич", "age": 33, "specialization": 5, "qualification": 8, "about": "Пишите описание", "about_ru": "Пишите описание", "about_en": "Пишите описание", "about_kk": "Пишите описание", "position": "Преподаватель физический культуры", "position_ru": "Преподаватель физический культуры", "position_en": "Physical education teacher", "position_kk": "Дене шынықтыру пәні мұғалімі", "photo": "employees/Стыбалдиев_Атабек.JPG"}}, {"model": "employeesapp.employees", "pk": 4, "fields": {"name": "Байжанов Ислам Рашидұлы", "name_ru": "Байжанов Ислам Рашидұлы", "name_en": "Baizhanov Islam Rashiduli", "name_kk": "Байжанов Ислам Рашидұлы", "age": 24, "specialization": 4, "qualification": 7, "about": "Пишите описание", "about_ru": "Пишите описание", "about_en": "Пишите описание", "about_kk": "Пишите описание", "position": "Преподаватель музыки", "position_ru": "Преподаватель музыки", "position_en": "Music teacher", "position_kk": "Музика пәні мұғалімі", "photo": "employees/байжанов_Ислам.JPG"}}, {"model": "employeesapp.employees", "pk": 5, "fields": {"name": "Абдрахманова Айгерим Бегдиллаевна", "name_ru": "Абдрахманова Айгерим Бегдиллаевна", "name_en": "Abdrakhmanova Aigerim Begdillaevna", "name_kk": "Абдрахманова Айгерим Бегдиллаевна", "age": 38, "specialization": 10, "qualification": 14, "about": "Пишите описание", "about_ru": "Пишите описание", "about_en": "Пишите описание", "about_kk": "Пишите описание", "position": "Преподаватель экономики", "position_ru": "Преподаватель экономики", "position_en": "Teacher of economics", "position_kk": "Экономика пәні мұғалімі", "photo": "employees/Абдрахманова_Айгерим.JPG"}}, {"model": "employeesapp.employees", "pk": 6, "fields": {"name": "Алипбаева Жансая Адихановна", "name_ru": "Алипбаева Жансая Адихановна", "name_en": "Alipbaeva Zhansaya Adikhanovna", "name_kk": "Алипбаева Жансая Адихановна", "age": 50, "specialization": 2, "qualification": 2, "about": "Пишите описание", "about_ru": "Пишите описание", "about_en": "Пишите описание", "about_kk": "Пишите описание", "position": "Преподаватель истории", "position_ru": "Преподаватель истории", "position_en": "History teacher", "position_kk": "Тарих пәні мұғалімі", "photo": "employees/Алипбаева_Жансая.JPG"}}, {"model": "employeesapp.employees", "pk": 7, "fields": {"name": "Атабаев Жавохир Гайратович", "name_ru": "Атабаев Жавохир Гайратович", "name_en": "Atabaev Zhavokhir Gairatovich", "name_kk": "Атабаев Жавохир Ғайратович", "age": 25, "specialization": 4, "qualification": 7, "about": "Пишите описание", "about_ru": "Пишите описание", "about_en": "Пишите описание", "about_kk": "Пишите описание", "position": "Преподаватель музыки", "position_ru": "Преподаватель музыки", "position_en": "Music teacher", "position_kk": "Музика пәні мұғалімі", "photo": "employees/Атабева_Жавохир.JPG"}}, {"model": "employeesapp.employees", "pk": 8, "fields": {"name": "Баймаханова Динара Бахытовна", "name_ru": "Баймаханова Динара Бахытовна", "name_en": "Baimakhanova Dinara Bakhytovna", "name_kk": "Баймаханова Динара Бахытовна", "age": 36, "specialization": 2, "qualification": 3, "about": "Пишите описание", "about_ru": "Пишите описание", "about_en": "Пишите описание", "about_kk": "Пишите описание", "position": "Преподаватель биологии", "position_ru": "Преподаватель биологии", "position_en": "Biology teacher", "position_kk": "Биология пәні мұғалімі", "photo": "employees/Баймаханова_динара.JPG"}}, {"model": "employeesapp.employees", "pk": 9, "fields": {"name": "Беймишева Ләззат Оңалбайқызы", "name_ru": "Беймишева Ләззат Оңалбайқызы", "name_en": "Beimisheva Lazzat Ongalbaiqyzy", "name_kk": "Беймишева Ләззат Оңалбайқызы", "age": 60, "specialization": null, "qualification": null, "about": "Пишите описание", "about_ru": "Пишите описание", "about_en": "Пишите описание", "about_kk": "Пишите описание", "position": "Преподаватель математики", "position_ru": "Преподаватель математики", "position_en": "Math teacher", "position_kk": "Математика пәні мұғалімі", "photo": "employees/Беймишева_Ләззат.jpg"}}, {"model": "employeesapp.employees", "pk": 10, "fields": {"name": "Жамалбекова Қалдықыз Жүнісәліқызы", "name_ru": "Жамалбекова Қалдықыз Жүнісәліқызы", "name_en": "Zhamalbekova Kaldykyz Zhunisaliqizi", "name_kk": "Жамалбекова Қалдықыз Жүнісәліқызы", "age": 63, "specialization": null, "qualification": null, "about": "Пишите описание", "about_ru": "Пишите описание", "about_en": "Пишите описание", "about_kk": "Пишите описание", "position": "Преподаватель музыки", "position_ru": "Преподаватель музыки", "position_en": "Music teacher", "position_kk": "Музика пәні мұғалімі", "photo": "employees/Жамалбекова_Қалдықыз-min.jpg"}}, {"model": "employeesapp.employees", "pk": 11, "fields": {"name": "Искакова Ботагоз Мырзабаевна", "name_ru": "Искакова Ботагоз Мырзабаевна", "name_en": "Iskakova Botagoz Myrzabaevna", "name_kk": "Искакова Ботагоз Мырзабаевна", "age": 67, "specialization": null, "qualification": null, "about": "Пишите описание", "about_ru": "Пишите описание", "about_en": "Пишите описание", "about_kk": "Пишите описание", "position": "Преподаватель русский язык и литература", "position_ru": "Преподаватель русский язык и литература", "position_en": "Teacher of Russian language and literature", "position_kk": "Орыс тілі мен әдебиеті мұғалімі", "photo": "employees/Искакова_Ботагоз-min.jpg"}}, {"model": "employeesapp.employees", "pk": 12, "fields": {"name": "Кадиров Абдуразак Абулазизович", "name_ru": "Кадиров Абдуразак Абулазизович", "name_en": "Kadirov Abdurazak Abulazizovich", "name_kk": "Кадиров Абдуразак Абулазизович", "age": 38, "specialization": null, "qualification": null, "about": "Пишите описание", "about_ru": "Пишите описание", "about_en": "Пишите описание", "about_kk": "Пишите описание", "position": "Преподаватель физический культуры", "position_ru": "Преподаватель физический культуры", "position_en": "Physical education teacher", "position_kk": "Дене шынықтыру пәні мұғалімі", "photo": "employees/Кадиров_Абдуразак.JPG"}}, {"model": "employeesapp.employees", "pk": 13, "fields": {"name": "Кадырова Фатима Мэлсхановна", "name_ru": "Кадырова Фатима Мэлсхановна", "name_en": "Kadyrova Fatima Melskhanovna", "name_kk": "Кадырова Фатима Мэлсхановна", "age": 35, "specialization": null, "qualification": null, "about": "Пишите описание", "about_ru": "Пишите описание", "about_en": "Пишите описание", "about_kk": "Пишите описание", "position": "Преподаватель истории", "position_ru": "Преподаватель истории", "position_en": "History teacher", "position_kk": "тарих пәні мұғалімі", "photo": "employees/Кадырова_Фатима.JPG"}}, {"model": "employeesapp.employees", "pk": 14, "fields": {"name": "Кенже Ұлжалғас Ауезқызы", "name_ru": "Кенже Ұлжалғас Ауезқызы", "name_en": "Kenge Ulgalgas Auesqizi", "name_kk": "Кенже Ұлжалғас Ауезқызы", "age": 25, "specialization": null, "qualification": null, "about": "Пишите описание", "about_ru": "Пишите описание", "about_en": "Пишите описание", "about_kk": "Пишите описание", "position": "Учитель педагогики", "position_ru": "Учитель педагогики", "position_en": "Teacher of pedagogy", "position_kk": "Педагогика пәні мұғалімі", "photo": "employees/Кенже_Ұлжалғас.JPG"}}, {"model": "employeesapp.employees", "pk": 15, "fields": {"name": "Мажитов Шахмурад Бердимурадович", "name_ru": "Мажитов Шахмурад Бердимурадович", "name_en": "Mazhitov Shahmurad Berdimuradovich", "name_kk": "Мажитов Шахмурад Бердимурадович", "age": 27, "specialization": null, "qualification": null, "about": "Пишите описание", "about_ru": "Пишите описание", "about_en": "Пишите описание", "about_kk": "Пишите описание", "position": "Преподаватель НВП", "position_ru": "Преподаватель НВП", "position_en": "NVP teacher", "position_kk": "БӘД мұғалімі", "photo": "employees/Мажитов_Шахмурад.JPG"}}, {"model": "employeesapp.employees", "pk": 16, "fields": {"name": "Матен Гулайша Жақыпқызы", "name_ru": "Матен Гулайша Жақыпқызы", "name_en": "Maten Gulaisha Zhagypkyzy", "name_kk": "Матен Гулайша Жақыпқызы", "age": 31, "specialization": null, "qualification": null, "about": "<p>Пишите описание</p>", "about_ru": "<p>Пишите описание</p>", "about_en": "<p>Пишите описание</p>", "about_kk": "<p><span style=\"font-size:11pt\"><span style=\"font-family:Calibri,sans-serif\"><strong><span style=\"font-size:14.0pt\"><span style=\"font-family:&quot;Times New Roman&quot;,&quot;serif&quot;\">Әдіскер:</span></span></strong><span style=\"font-size:14.0pt\"><span style=\"font-family:&quot;Times New Roman&quot;,&quot;serif&quot;\"> Матен Гүлайша Жақыпқызы</span></span></span></span></p>\r\n\r\n<p><span style=\"font-size:11pt\"><span style=\"font-family:Calibri,sans-serif\"><strong><span style=\"font-size:14.0pt\"><span style=\"font-family:&quot;Times New Roman&quot;,&quot;serif&quot;\">Міндеті:</span></span></strong><span style=\"font-size:14.0pt\"><span style=\"font-family:&quot;Times New Roman&quot;,&quot;serif&quot;\"> Оқу- әдістемелік және ғылыми әдістемелік жұмыстары&nbsp; ұйымдастыру, бақылау. Педагогикалық іс-тәжірибені оқу жоспарына сәйкес өткізу, құжаттарын рәсімдеуді ұйымдастыру.</span></span></span></span></p>\r\n\r\n<p>&nbsp;</p>\r\n\r\n<p><span style=\"font-size:11pt\"><span style=\"font-family:Calibri,sans-serif\"><strong><span style=\"font-size:14.0pt\"><span style=\"font-family:&quot;Times New Roman&quot;,&quot;serif&quot;\">Электронды почта: </span></span></strong><span style=\"font-size:14.0pt\"><span style=\"font-family:&quot;Times New Roman&quot;,&quot;serif&quot;\"><a href=\"mailto:gggg-m19@mail.ru\" style=\"color:blue; text-decoration:underline\">gggg-m19@mail.ru</a></span></span></span></span></p>\r\n\r\n<p><span style=\"font-size:11pt\"><span style=\"font-family:Calibri,sans-serif\"><strong><span style=\"font-size:14.0pt\"><span style=\"font-family:&quot;Times New Roman&quot;,&quot;serif&quot;\">Ұялы байланыс нөмері:</span></span></strong><span style=\"font-size:14.0pt\"><span style=\"font-family:&quot;Times New Roman&quot;,&quot;serif&quot;\"> 8775-798-83-90</span></span></span></span></p>", "position": "Учитель педагогики и психологии", "position_ru": "Учитель педагогики и психологии", "position_en": "Teacher of pedagogy and psychology", "position_kk": "Педагогика және психология мұғалімі", "photo": "employees/Матен_Гулайша_.JPG"}}, {"model": "employeesapp.employees", "pk": 17, "fields": {"name": "Мырзабаева Нұрлы Анламасқызы", "name_ru": "Мырзабаева Нұрлы Анламасқызы", "name_en": "Myrzabayeva Nurly Anlamasovna", "name_kk": "Мырзабаева Нұрлы Анламасқызы", "age": 35, "specialization": null, "qualification": null, "about": "Пишите описание", "about_ru": "Пишите описание", "about_en": "Пишите описание", "about_kk": "Пишите описание", "position": "Преподаватель казахский язык и литературы", "position_ru": "Преподаватель казахский язык и литературы", "position_en": "Teacher of Kazakh language and literature", "position_kk": "Қазақ тілі және әдебиеті пәні мұғалімі", "photo": "employees/Мырзабаева_Нұрлы.JPG"}}, {"model": "employeesapp.employees", "pk": 18, "fields": {"name": "Орынтаева Рахима Аширбековна", "name_ru": "Орынтаева Рахима Аширбековна", "name_en": "Oryntaeva Rakhima Ashirbekovna", "name_kk": "Орынтаева Рахима Аширбековна", "age": 56, "specialization": null, "qualification": null, "about": "Пишите описание", "about_ru": "Пишите описание", "about_en": "Пишите описание", "about_kk": "Пишите описание", "position": "Преподаватель музыки", "position_ru": "Преподаватель музыки", "position_en": "Music teacher", "position_kk": "Музика пәні мұғалімі", "photo": "employees/Орынтаева_Рахима.JPG"}}, {"model": "employeesapp.employees", "pk": 19, "fields": {"name": "Оспанова Гүлназ Қанатбекқызы", "name_ru": "Оспанова Гүлназ Қанатбекқызы", "name_en": "Ospanova Gulnaz Kanatbekovna", "name_kk": "Оспанова Гүлназ Қанатбекқызы", "age": 22, "specialization": null, "qualification": null, "about": "Пишите описание", "about_ru": "Пишите описание", "about_en": "Пишите описание", "about_kk": "Пишите описание", "position": "Преподаватель педагогики", "position_ru": "Преподаватель педагогики", "position_en": "Teacher of pedagogy and psychology", "position_kk": "Педагогика пәні мұғалімі", "photo": "employees/Оспанова_Гулназ.JPG"}}, {"model": "employeesapp.employees", "pk": 20, "fields": {"name": "Өтегенова Лаура Амандосқызы", "name_ru": "Өтегенова Лаура Амандосқызы", "name_en": "Utegenova Laura Amandosovna", "name_kk": "Өтегенова лаура Амандосқызы", "age": 23, "specialization": null, "qualification": null, "about": "Пишите описание", "about_ru": "Пишите описание", "about_en": "Пишите описание", "about_kk": "Пишите описание", "position": "Преподаватель самопазнании", "position_ru": "Преподаватель самопазнании", "position_en": "Teacher of self-knowledge", "position_kk": "Өзін-өзі тану пәні мұғалімі", "photo": "employees/Отегенова_Лаура.JPG"}}, {"model": "employeesapp.employees", "pk": 21, "fields": {"name": "Паридинова Айдана Бибосынқызы", "name_ru": "Паридинова Айдана Бибосынқызы", "name_en": "Paridinova Aidana Bibosynovna", "name_kk": "Паридинова Айдана Бибосынқызы", "age": 26, "specialization": null, "qualification": null, "about": "Пишите описание", "about_ru": "Пишите описание", "about_en": "Пишите описание", "about_kk": "Пишите описание", "position": "Преподаватель математики", "position_ru": "Преподаватель математики", "position_en": "Mathematics teacher", "position_kk": "Математика пәні мұғалімі", "photo": "employees/Паридинова_Айдана.JPG"}}, {"model": "employeesapp.employees", "pk": 22, "fields": {"name": "Рахматуллаев Абдузаир Исахулжаугли", "name_ru": "Рахматуллаев Абдузаир Исахулжаугли", "name_en": "Rakhmatullaev Abduzair Isakhulzhaugli", "name_kk": "Рахматуллаев Абдузаир Исахулжаугли", "age": 23, "specialization": null, "qualification": null, "about": "Пишите описание", "about_ru": "Пишите описание", "about_en": "Пишите описание", "about_kk": "Пишите описание", "position": "Преподаватель физический культуры", "position_ru": "Преподаватель физический культуры", "position_en": "Physical education teacher", "position_kk": "Дене шынықтыру пәні мұғалімі", "photo": "employees/Рахматуллаев_Абдузаир.JPG"}}, {"model": "employeesapp.employees", "pk": 23, "fields": {"name": "Сауранбаева Сарсенкул Рысбаевна", "name_ru": "Сауранбаева Сарсенкул Рысбаевна", "name_en": "Sauranbaeva Sarsenkul Rysbaevna", "name_kk": "Сауранбаева Сарсенкул Рысбаевна", "age": 57, "specialization": null, "qualification": null, "about": "Пишите описание", "about_ru": "Пишите описание", "about_en": "Пишите описание", "about_kk": "Пишите описание", "position": "Преподаватель казахский язык и литература", "position_ru": "Преподаватель казахский язык и литература", "position_en": "Teacher of Kazakh language and literature", "position_kk": "Қазақ тілі және әдебиеті пәні мұғалімі", "photo": "employees/Сауранбаева_Сарсенкул.JPG"}}, {"model": "employeesapp.employees", "pk": 24, "fields": {"name": "Сауранбаева Сарсенкул Рысбаевна", "name_ru": "Сауранбаева Сарсенкул Рысбаевна", "name_en": "Sauranbaeva Sarsenkul Rysbaevna", "name_kk": "Сауранбаева Сарсенкул Рысбаевна", "age": 57, "specialization": null, "qualification": null, "about": "Пишите описание", "about_ru": "Пишите описание", "about_en": "Пишите описание", "about_kk": "Пишите описание", "position": "Преподаватель казахский язык и литература", "position_ru": "Преподаватель казахский язык и литература", "position_en": "Teacher of Kazakh language and literature", "position_kk": "Қазақ тілі мен әдебиеті пәні мұғалімі", "photo": "employees/Сауранбаева_Сарсенкул_Sy9ZEPH.JPG"}}, {"model": "employeesapp.employees", "pk": 25, "fields": {"name": "Сафарбаев Артыкжан Батырханович", "name_ru": "Сафарбаев Артыкжан Батырханович", "name_en": "Safarbayev Artykzhan Batyrkhanovich", "name_kk": "Сафарбаев Артыкжан Батырханович", "age": 22, "specialization": null, "qualification": null, "about": "Пишите описание", "about_ru": "Пишите описание", "about_en": "Пишите описание", "about_kk": "Пишите описание", "position": "Преподаватель англиского языка", "position_ru": "Преподаватель англиского языка", "position_en": "English language teacher", "position_kk": "Ағылшын тілі пәні мұғалімі", "photo": "employees/Сафарбаев_Артықжан.JPG"}}, {"model": "employeesapp.employees", "pk": 26, "fields": {"name": "Тлеубаева Жанар Мамыровна", "name_ru": "Тлеубаева Жанар Мамыровна", "name_en": "Tleubaeva Zhanar Mamyrovna", "name_kk": "Тлеубаева Жанар Мамыровна", "age": 40, "specialization": null, "qualification": null, "about": "Пишите описание", "about_ru": "Пишите описание", "about_en": "Пишите описание", "about_kk": "Пишите описание", "position": "История Казахстана, педагогика, этнопедагогика", "position_ru": "История Казахстана, педагогика, этнопедагогика", "position_en": "Kazakh history, pedagogy, ethnopedagogy", "position_kk": "Қазақ тарих, педагогика, этнопедагогика", "photo": "employees/Тлеубаеква_Жанар.JPG"}}, {"model": "employeesapp.employees", "pk": 27, "fields": {"name": "Хусанова Райхан", "name_ru": "Хусанова Райхан", "name_en": "Khusanova Raikhan", "name_kk": "Хусанова Райхан", "age": 30, "specialization": null, "qualification": null, "about": "Пишите описание", "about_ru": "Пишите описание", "about_en": "Пишите описание", "about_kk": "Пишите описание", "position": "Преподаватель информатики", "position_ru": "Преподаватель информатики", "position_en": "Informatics teacher", "position_kk": "Информатика пәні мұғалімі", "photo": "employees/Хусанова_Райхан.JPG"}}, {"model": "employeesapp.employees", "pk": 28, "fields": {"name": "Нұрмаханова Ақтолқын Жантөреқызы", "name_ru": "Нұрмаханова Ақтолқын Жантөреқызы", "name_en": "Nurmakhanova Aktolkyn Zhantoreevna", "name_kk": "Нұрмаханова Ақтолқын Жантөреқызы", "age": 40, "specialization": null, "qualification": null, "about": "Пишите описание", "about_ru": "Пишите описание", "about_en": "Пишите описание", "about_kk": "Пишите описание", "position": "Педагогика", "position_ru": "Педагогика", "position_en": "Pedagogy", "position_kk": "Педагогика", "photo": "employees/Нұрмаханова.JPG"}}, {"model": "employeesapp.employees", "pk": 29, "fields": {"name": "Рүстем Амина Жумантаевна", "name_ru": "Рүстем Амина Жумантаевна", "name_en": "Rustem Amina Zhumantaevna", "name_kk": "Рүстем Амина Жумантаевна", "age": 22, "specialization": null, "qualification": null, "about": "Пишите описание", "about_ru": "Пишите описание", "about_en": "Пишите описание", "about_kk": "Пишите описание", "position": "Психология", "position_ru": "Психология", "position_en": "Psychology", "position_kk": "Психология", "photo": "employees/DSC_2282.JPG"}}, {"model": "employeesapp.employees", "pk": 30, "fields": {"name": "Ирисматова Турсуной Махсуджановна", "name_ru": "Ирисматова Турсуной Махсуджановна", "name_en": "Irismatova Tursunoy Mahsudjanovna", "name_kk": "Ирисматова Турсуной Махсуджановна", "age": 37, "specialization": null, "qualification": null, "about": "Пишите описание", "about_ru": "Пишите описание", "about_en": "Пишите описание", "about_kk": "Пишите описание", "position": "Педагогика", "position_ru": "Педагогика", "position_en": "Pedagogy", "position_kk": "Педагогика", "photo": "employees/DSC_2284.JPG"}}, {"model": "newsapp.newscategory", "pk": 1, "fields": {"name": "Новости", "name_ru": "Новости", "name_en": "News", "name_kk": "Жаңалықтар", "poster": "newsC/img-16.11.16DSC_0102.jpg", "created_at": "2021-04-14T04:44:54Z"}}, {"model": "newsapp.newscategory", "pk": 2, "fields": {"name": "Объявление", "name_ru": "Объявление", "name_en": "Ads", "name_kk": "Хабарландырулар", "poster": "newsC/2018-06-03-j32yhm.jpg", "created_at": "2021-04-14T04:46:03Z"}}, {"model": "newsapp.newspost", "pk": 1, "fields": {"title": "Сегодня открылся сайт", "title_ru": "Сегодня открылся сайт", "title_en": "Сегодня открылся сайт", "title_kk": "Сегодня открылся сайт", "description": "Сегодня открылся сайт", "description_ru": "Сегодня открылся сайт", "description_en": "Сегодня открылся сайт", "description_kk": "Сегодня открылся сайт", "poster": "news/2018-06-03-j32yhm.jpg", "category": 1, "created_at": "2021-04-14T04:47:30Z"}}, {"model": "newsapp.newspost", "pk": 2, "fields": {"title": "Моя профессия - мой статус", "title_ru": "Моя профессия - мой статус", "title_en": "My profession – my status", "title_kk": "Мамандығым - мәртебем", "description": "23.04.2021 г. в высшем педагогическом колледже Shymkent с целью профориентации учащихся 9 – 11 классов был проведен День открытых дверей по программе ZOOM в онлайн формате на тему «Моя профессия - мой статус». \r\n На встрече с учащимися было рассказано о реализации образовательной деятельности в колледже по 12 специальностям 17 квалификациям. Были представлены правила и порядок приема на 2021-2022 учебный год.\r\nhttps://www.youtube.com/watch?v=1GAQFSm7_Nk", "description_ru": "23.04.2021 г. в высшем педагогическом колледже Shymkent с целью профориентации учащихся 9 – 11 классов был проведен День открытых дверей по программе ZOOM в онлайн формате на тему «Моя профессия - мой статус». \r\n На встрече с учащимися было рассказано о реализации образовательной деятельности в колледже по 12 специальностям 17 квалификациям. Были представлены правила и порядок приема на 2021-2022 учебный год.\r\nhttps://www.youtube.com/watch?v=1GAQFSm7_Nk", "description_en": "On 23.04.2021, the higher Pedagogical college Shymkent held an Open Day on the ZOOM program in an online format on the topic \"My profession – my status\"for the purpose of career guidance for students of grades 9 - 11. \r\n At the meeting with the students, they were told about the implementation of educational activities in the college in 12 specialties and 17 qualifications. The rules and procedure for admission for the 2021-2022 academic year were presented.\r\nhttps://www.youtube.com/watch?v=1GAQFSm7_Nk", "description_kk": "23.04.2021ж. күні Shymkent жоғары педагогикалық колледжінде 9 – 11 сынып оқушыларына кәсіби бағыт - бағдар беру мақсатында «Мамандығым - мәртебем» тақырыбында ашық есік күні онлайн форматта ZOOM бағдарламасы бойынша өткізілді. \r\n     Оқушылармен кездесуде колледжде 12 мамандық 17 біліктілік бойынша білім беру қызметінің іске асырылуы туралы айтылды. 2021 – 2022 оқу жылына қабылдау ережесі мен тәртібі таныстырылды.\r\nhttps://www.youtube.com/watch?v=1GAQFSm7_Nk", "poster": "news/zoom-security-icon.jpg", "category": 1, "created_at": "2021-04-20T09:00:01Z"}}, {"model": "newsapp.newspost", "pk": 3, "fields": {"title": "Байсеитов Ерлан Умбетбаевич ознакомил планируемым порядком приема абитуриентов", "title_ru": "Байсеитов Ерлан Умбетбаевич ознакомил планируемым порядком приема абитуриентов", "title_en": "Selection committee", "title_kk": "талапкерлерді қабылдаудың болжамды тәртібімен Байсейітов Ерлан Умбетбаевич таныстырды.", "description": "Байсеитов Ерлан Умбетбаевич - ответственные секретарь приемной комиссии Высший педогогический колледж Shymkent ознакомил планируемым порядком приема абитуриентов на 2021-2022 учебный год.", "description_ru": "Байсеитов Ерлан Умбетбаевич - ответственные секретарь приемной комиссии Высший педогогический колледж Shymkent ознакомил планируемым порядком приема абитуриентов на 2021-2022 учебный год.", "description_en": "Baiseyitov Erlan Umbetbaevich - executive secretary of the selection committee of the Shymkent Higher Pedagogical College introduced the planned procedure for admission of applicants for the 2021-2022 academic year.", "description_kk": "2021-2022 оқу жылына талапкерлерді қабылдаудың болжамды тәртібімен Shymkent жоғары педагогикалық колледж қабылдау комиссиясының жауапты хатшысы Байсейітов Ерлан Умбетбаевич таныстырды.", "poster": "news/f76b9e1c-5c59-470b-857a-7d8ac618a94c_0KzJkTL.jpg", "category": 1, "created_at": "2021-04-23T09:00:54Z"}}, {"model": "newsapp.newspost", "pk": 4, "fields": {"title": "Международная научно - практическая онлайн конференция", "title_ru": "Международная научно - практическая онлайн конференция", "title_en": "International scientific and practical online conference", "title_kk": "Халықаралық ғылыми-практикалық онлайн-конференция", "description": "В Высшем педагогическом колледже Shymkent  прошла международная научно - практическая онлайн конференция \"Актуальные проблемы повышения качества образования в дистанционном формате обучения\" через платформу ZOOM. На конференции выступили руководители казахстанских и зарубежных учебных заведений, которые поделились своим опытом перехода на онлайн-формат во время пандемии. В завершение конференции был подписан Меморандум о сотрудничестве между Высшим педагогическим колледжем Shymkent и колледж  \"Таалим\" (Кыргызстан), Edna Adnan University & Colleges (Сомалиленд)", "description_ru": "В Высшем педагогическом колледже Shymkent  прошла международная научно - практическая онлайн конференция \"Актуальные проблемы повышения качества образования в дистанционном формате обучения\" через платформу ZOOM. На конференции выступили руководители казахстанских и зарубежных учебных заведений, которые поделились своим опытом перехода на онлайн-формат во время пандемии. В завершение конференции был подписан Меморандум о сотрудничестве между Высшим педагогическим колледжем Shymkent и колледж  \"Таалим\" (Кыргызстан), Edna Adnan University & Colleges (Сомалиленд)", "description_en": "The international scientific and practical online conference \"Actual problems of improving the quality of education in the distance learning format\"was held at the Shymkent Higher Pedagogical College through the ZOOM platform. The conference was attended by the heads of local and foreign educational institutions, who shared their experience of switching to an online format during the pandemic. At the end of the conference, a Memorandum of Cooperation was signed between the Higher Pedagogical College Shymkent and Taalim College (Republic of Kyrgyzstan) and Edna Adnan University & Colleges (Republic of Somaliland).", "description_kk": "Shymkent жоғары  педагогикалық колледжінде ZOOM платформасы арқылы\r\n«Қашықтықтан оқытуда білім сапасын арттырудың өзекті мәселелері» атты халықаралық ғылыми- тәжірибелік онлайн конференциясы өтті. Конференцияда отандық және шетелдік оқу орындарының басшылары сөз сөйлеп пандемия кезінде онлайн форматқа көшу барысындағы өз тәжірибелерімен бөлісті. Конференция соңында Shymkent жоғары педагогикалық колледжімен  \"Таалим\" колледжі (Қырғызстан), және Edna Adnan University & Colleges (Сомалиленд) арасында ынтымақтастық туралы Меморандумға қол қойылды.", "poster": "news/f24a7835-3ce4-4758-90a8-9a3e8a29f11d.jpg", "category": 1, "created_at": "2021-04-29T17:24:18Z"}}, {"model": "newsapp.gallerypost", "pk": 1, "fields": {"title": "Меморандум о сотрудничестве между Высшим педагогическим колледжем Shymkent и колледж", "url": "Edna Adnan University & Colleges (Сомалиленд)", "poster": "gallery/f24a7835-3ce4-4758-90a8-9a3e8a29f11d.jpg", "created_at": "2021-04-29T17:37:11Z"}}, {"model": "newsapp.gallerypost", "pk": 2, "fields": {"title": "Меморандум о сотрудничестве между Высшим педагогическим колледжем Shymkent и колледж  \"Таалим\" (Кыргызстан)", "url": null, "poster": "gallery/40ea5380-6e11-472a-97c5-a97e1259a803.jpg", "created_at": "2021-04-29T17:38:18Z"}}, {"model": "newsapp.gallerypost", "pk": 4, "fields": {"title": "29.04.2021", "url": null, "poster": "gallery/012c18b1-b8e0-44f9-a550-7b0dfc7b7419_KpJPoHp.jpg", "created_at": "2021-04-29T17:46:53Z"}}, {"model": "newsapp.gallerypost", "pk": 5, "fields": {"title": "Edna Adnan University & Colleges (Сомалиленд)", "url": null, "poster": "gallery/7f401b5f-621d-4724-8dae-7e5d482f9a6d.jpg", "created_at": "2021-04-30T17:47:05Z"}}, {"model": "newsapp.gallerypost", "pk": 12, "fields": {"title": "Высший педагогический колледж Shymkent", "url": "https://www.youtube.com/embed/29GGE0iPL-E", "poster": "", "created_at": "2021-04-30T18:18:44Z"}}, {"model": "newsapp.gallerypost", "pk": 13, "fields": {"title": "Моя профессия - мой статус", "url": "https://www.youtube.com/embed/8ygv1x1rgKg", "poster": "", "created_at": "2021-04-23T18:25:02Z"}}, {"model": "newsapp.gallerypost", "pk": 15, "fields": {"title": "Высший педагогический колледж Shymkent", "url": "https://www.youtube.com/embed/1GAQFSm7_Nk", "poster": "", "created_at": "2021-04-30T18:28:15Z"}}, {"model": "newsapp.gallerypost", "pk": 16, "fields": {"title": "Высший педагогический колледж Shymkent", "url": "https://www.youtube.com/embed/tFxoyd_A_8o", "poster": "", "created_at": "2021-04-30T18:28:56Z"}}, {"model": "newsapp.gallerypost", "pk": 17, "fields": {"title": "Высший педагогический колледж Shymkent", "url": "https://www.youtube.com/embed/6CyAvh9bRIs", "poster": "", "created_at": "2021-04-30T18:29:57Z"}}, {"model": "newsapp.gallerypost", "pk": 18, "fields": {"title": "Высший педагогический колледж Shymkent", "url": "https://www.youtube.com/embed/MsPVjMRjOEg", "poster": "", "created_at": "2021-04-30T18:30:46Z"}}, {"model": "newsapp.gallerypost", "pk": 19, "fields": {"title": "Высший педагогический колледж Shymkent", "url": "https://www.youtube.com/embed/T4UWgP6PL90", "poster": "", "created_at": "2021-04-30T18:31:44Z"}}, {"model": "newsapp.gallerypost", "pk": 20, "fields": {"title": "Высший педагогический колледж Shymkent", "url": "https://www.youtube.com/embed/t9x09KRwd0g", "poster": "", "created_at": "2021-04-30T18:33:27Z"}}, {"model": "newsapp.gallerypost", "pk": 21, "fields": {"title": "Высший педагогический колледж Shymkent", "url": "https://www.youtube.com/embed/t9x09KRwd0g", "poster": "", "created_at": "2021-04-30T18:35:14Z"}}, {"model": "newsapp.gallerypost", "pk": 22, "fields": {"title": "Высший педагогический колледж Shymkent", "url": "https://www.youtube.com/embed/UyMX_Zos4sE", "poster": "", "created_at": "2021-04-30T18:35:23Z"}}, {"model": "newsapp.gallerypost", "pk": 23, "fields": {"title": "Высший педагогический колледж Shymkent", "url": "https://www.youtube.com/embed/w96rmhN9wCI", "poster": "", "created_at": "2021-04-30T18:35:57Z"}}, {"model": "newsapp.gallerypost", "pk": 24, "fields": {"title": "Высший педагогический колледж Shymkent", "url": "https://www.youtube.com/embed/fviE9xOEwkg", "poster": "", "created_at": "2021-04-30T18:36:53Z"}}, {"model": "newsapp.gallerypost", "pk": 25, "fields": {"title": "Высший педагогический колледж Shymkent", "url": "https://www.youtube.com/embed/4jolIatlggc", "poster": "", "created_at": "2021-04-30T18:37:03Z"}}, {"model": "newsapp.gallerypost", "pk": 26, "fields": {"title": "Высший педагогический колледж Shymkent", "url": "https://www.youtube.com/embed/lA897lpq2vI", "poster": "", "created_at": "2021-04-30T18:37:44Z"}}, {"model": "newsapp.gallerypost", "pk": 27, "fields": {"title": "Высший педагогический колледж Shymkent", "url": "https://www.youtube.com/embed/ksTQvY0Knn4", "poster": "", "created_at": "2021-04-30T18:39:22Z"}}, {"model": "newsapp.gallerypost", "pk": 28, "fields": {"title": "Высший педагогический колледж Shymkent", "url": "https://www.youtube.com/embed/hKo7N9UroIs", "poster": "", "created_at": "2021-04-30T18:40:05Z"}}, {"model": "newsapp.gallerypost", "pk": 29, "fields": {"title": "Высший педагогический колледж Shymkent", "url": "https://www.youtube.com/embed/cl59H0TYfT0", "poster": "", "created_at": "2021-04-30T18:41:39Z"}}, {"model": "newsapp.gallerypost", "pk": 30, "fields": {"title": "Высший педагогический колледж Shymkent", "url": "https://www.youtube.com/embed/2YNno9-EpGk", "poster": "", "created_at": "2021-04-30T18:44:36Z"}}, {"model": "newsapp.gallerypost", "pk": 31, "fields": {"title": "Высший педагогический колледж Shymkent", "url": "https://www.youtube.com/embed/gHLYJ3ermz8", "poster": "", "created_at": "2021-04-30T18:45:19Z"}}, {"model": "newsapp.gallerypost", "pk": 32, "fields": {"title": "Высший педагогический колледж Shymkent", "url": "https://www.youtube.com/embed/AE9fvCudv24", "poster": "", "created_at": "2021-04-30T18:47:15Z"}}, {"model": "newsapp.gallerypost", "pk": 33, "fields": {"title": "Высший педагогический колледж Shymkent", "url": "https://www.youtube.com/embed/m3Q2h8G1pLI", "poster": "", "created_at": "2021-04-30T18:48:07Z"}}, {"model": "newsapp.gallerypost", "pk": 34, "fields": {"title": "Высший педагогический колледж Shymkent", "url": "https://www.youtube.com/embed/7XsRrH4nJTM", "poster": "", "created_at": "2021-04-30T18:49:23Z"}}, {"model": "newsapp.gallerypost", "pk": 35, "fields": {"title": "Высший педагогический колледж Shymkent", "url": "https://www.youtube.com/embed/itDG0G37V0I", "poster": "", "created_at": "2021-04-30T18:51:40Z"}}, {"model": "newsapp.gallerypost", "pk": 36, "fields": {"title": "Высший педагогический колледж Shymkent", "url": "https://www.youtube.com/embed/vS9kSiieSco", "poster": "", "created_at": "2021-04-30T18:53:07Z"}}, {"model": "newsapp.gallerypost", "pk": 37, "fields": {"title": "Высший педагогический колледж Shymkent", "url": "https://www.youtube.com/embed/JrsAjlZZ3Jw", "poster": "", "created_at": "2021-04-30T18:55:29Z"}}, {"model": "newsapp.gallerypost", "pk": 38, "fields": {"title": "Высший педагогический колледж Shymkent", "url": "https://www.youtube.com/embed/FYEg6bBHn8U", "poster": "", "created_at": "2021-04-30T18:57:05Z"}}, {"model": "newsapp.gallerypost", "pk": 39, "fields": {"title": "Высший педагогический колледж Shymkent", "url": "https://www.youtube.com/embed/kV1t8HzZCSk", "poster": "", "created_at": "2021-04-30T18:57:17Z"}}, {"model": "newsapp.gallerypost", "pk": 40, "fields": {"title": "Высший педагогический колледж Shymkent", "url": "https://www.youtube.com/embed/7OoB5CYuIG4", "poster": "", "created_at": "2021-04-30T18:57:53Z"}}, {"model": "newsapp.gallerypost", "pk": 41, "fields": {"title": "Высший педагогический колледж Shymkent", "url": "https://www.youtube.com/embed/XHz4ZEuISbE", "poster": "", "created_at": "2021-04-30T18:58:26Z"}}, {"model": "newsapp.gallerypost", "pk": 42, "fields": {"title": "Высший педагогический колледж Shymkent", "url": "https://www.youtube.com/embed/57WnSsfXW-o", "poster": "", "created_at": "2021-04-30T18:59:21Z"}}, {"model": "newsapp.gallerypost", "pk": 43, "fields": {"title": "Высший педагогический колледж Shymkent", "url": "https://www.youtube.com/embed/CgjQp406N1w", "poster": "", "created_at": "2021-04-30T18:59:34Z"}}, {"model": "newsapp.gallerypost", "pk": 44, "fields": {"title": "Высший педагогический колледж Shymkent", "url": "https://www.youtube.com/embed/hoc02UXaVRI", "poster": "", "created_at": "2021-04-30T19:04:32Z"}}, {"model": "newsapp.gallerypost", "pk": 45, "fields": {"title": "Высший педагогический колледж Shymkent", "url": "https://www.youtube.com/embed/CCFG3coaKvE", "poster": "", "created_at": "2021-05-06T19:02:12Z"}}, {"model": "newsapp.gallerypost", "pk": 46, "fields": {"title": "Высший педагогический колледж Shymkent", "url": "https://www.youtube.com/embed/m8kQKY41XKI", "poster": "", "created_at": "2021-05-07T19:07:03Z"}}, {"model": "newsapp.gallerypost", "pk": 48, "fields": {"title": "Высший педагогический колледж Shymkent", "url": "https://www.youtube.com/embed/WDh0XDyFp10", "poster": "", "created_at": "2021-05-07T03:57:26Z"}}, {"model": "newsapp.gallerypost", "pk": 50, "fields": {"title": "Высший педагогический колледж Shymkent", "url": "https://www.youtube.com/embed/Z2bQNxwQsag", "poster": "", "created_at": "2021-05-09T03:59:03Z"}}, {"model": "newsapp.gallerypost", "pk": 51, "fields": {"title": "Высший педагогический колледж Shymkent", "url": "https://www.youtube.com/embed/pbF2c9pSrvk", "poster": "", "created_at": "2021-05-12T03:59:52Z"}}, {"model": "newsapp.gallerypost", "pk": 52, "fields": {"title": "Высший педагогический колледж Shymkent", "url": "https://www.youtube.com/embed/el3s87jmLUU", "poster": "", "created_at": "2021-05-14T04:01:55Z"}}, {"model": "newsapp.gallerypost", "pk": 53, "fields": {"title": "Высший педагогический колледж Shymkent", "url": "https://www.youtube.com/embed/SjCSRIEC_JA", "poster": "", "created_at": "2021-05-15T04:03:25Z"}}, {"model": "newsapp.gallerypost", "pk": 54, "fields": {"title": "Высший педагогический колледж Shymkent", "url": "https://www.youtube.com/embed/pz-I7K9PGCw", "poster": "", "created_at": "2021-05-15T04:04:15Z"}}, {"model": "newsapp.newscomment", "pk": 1, "fields": {"text": "Хелло", "author": 1, "specialization": 1, "visible": true, "created_at": "2021-04-14T04:49:11.680Z"}}, {"model": "newsapp.newscomment", "pk": 2, "fields": {"text": "dassd", "author": 1, "specialization": 2, "visible": true, "created_at": "2021-04-28T05:57:53.992Z"}}, {"model": "specializationapp.section", "pk": 1, "fields": {"name": "Білім", "name_ru": "Білім", "name_en": null, "name_kk": null, "uid": "01"}}, {"model": "specializationapp.section", "pk": 2, "fields": {"name": "Өнер және гуманитарлық ғылымдар", "name_ru": "Өнер және гуманитарлық ғылымдар", "name_en": null, "name_kk": null, "uid": "02"}}, {"model": "specializationapp.section", "pk": 3, "fields": {"name": "Әлеуметтік ғылымдар және ақпарат", "name_ru": "Әлеуметтік ғылымдар және ақпарат", "name_en": null, "name_kk": null, "uid": "03"}}, {"model": "specializationapp.section", "pk": 4, "fields": {"name": "Кәсіпкерлік, басқару және құқық", "name_ru": "Кәсіпкерлік, басқару және құқық", "name_en": null, "name_kk": null, "uid": "04"}}, {"model": "specializationapp.section", "pk": 5, "fields": {"name": "Информационно-коммуникационные технологии", "name_ru": "Информационно-коммуникационные технологии", "name_en": null, "name_kk": null, "uid": "06"}}, {"model": "specializationapp.subsection", "pk": 1, "fields": {"name": "Мектепке дейінгі мекемелерге тәрбиешілерді даярлау", "name_ru": "Мектепке дейінгі мекемелерге тәрбиешілерді даярлау", "name_en": null, "name_kk": null, "uid": "0112", "section": 1}}, {"model": "specializationapp.subsection", "pk": 2, "fields": {"name": "Пәндік мамандандырылған мұғалімдерін даярлау", "name_ru": "Пәндік мамандандырылған мұғалімдерін даярлау", "name_en": null, "name_kk": null, "uid": "0114", "section": 1}}, {"model": "specializationapp.subsection", "pk": 3, "fields": {"name": "Сән, интерьер дизайны және өнеркәсіптік дизайны", "name_ru": "Сән, интерьер дизайны және өнеркәсіптік дизайны", "name_en": null, "name_kk": null, "uid": "0212", "section": 2}}, {"model": "specializationapp.subsection", "pk": 4, "fields": {"name": "Тілдерді оқу", "name_ru": "Тілдерді оқу", "name_en": null, "name_kk": null, "uid": "0231", "section": 2}}, {"model": "specializationapp.subsection", "pk": 5, "fields": {"name": "Кітапханалық іс, ақпаратты өндеу және мұрағаттану", "name_ru": "Кітапханалық іс, ақпаратты өндеу және мұрағаттану", "name_en": null, "name_kk": null, "uid": "0322", "section": 3}}, {"model": "specializationapp.subsection", "pk": 6, "fields": {"name": "Бухгалтерлік іс және салық салу", "name_ru": "Бухгалтерлік іс және салық салу", "name_en": null, "name_kk": null, "uid": "0411", "section": 4}}, {"model": "specializationapp.subsection", "pk": 7, "fields": {"name": "Құқық", "name_ru": "Құқық", "name_en": null, "name_kk": null, "uid": "0421", "section": 5}}, {"model": "specializationapp.subsection", "pk": 8, "fields": {"name": "Создание баз данных и информационных сетей и их администрирование", "name_ru": "Создание баз данных и информационных сетей и их администрирование", "name_en": null, "name_kk": null, "uid": "0612", "section": 5}}, {"model": "specializationapp.subsection", "pk": 9, "fields": {"name": "Разработка и анализ программного обеспечения", "name_ru": "Разработка и анализ программного обеспечения", "name_en": null, "name_kk": null, "uid": "0613", "section": 5}}, {"model": "specializationapp.specialization", "pk": 1, "fields": {"name": "Мектепке дейінгі тәрбие және оқыту", "name_ru": "Мектепке дейінгі тәрбие және оқыту", "name_en": null, "name_kk": null, "uid": "01120100", "desctiption": "01120100", "desctiption_ru": "01120100", "desctiption_en": "", "desctiption_kk": "", "photo": "specialization/Мектепке_дейінгі_тәрбие_және_оқыту.jpg", "sertification": "", "duration": "4", "subsection": 1}}, {"model": "specializationapp.specialization", "pk": 2, "fields": {"name": "Бастауыш білім беру педагогикасы мен әдістемесі", "name_ru": "Бастауыш білім беру педагогикасы мен әдістемесі", "name_en": null, "name_kk": null, "uid": "01140100", "desctiption": "01140100", "desctiption_ru": "01140100", "desctiption_en": "", "desctiption_kk": "", "photo": "specialization/Бастауыш_білім_беру.jpg", "sertification": "", "duration": "4", "subsection": 2}}, {"model": "specializationapp.specialization", "pk": 3, "fields": {"name": "Информатика", "name_ru": "Информатика", "name_en": null, "name_kk": null, "uid": "01140700", "desctiption": "01140700", "desctiption_ru": "01140700", "desctiption_en": "", "desctiption_kk": "", "photo": "specialization/Информатика.jpg", "sertification": "", "duration": "4", "subsection": 2}}, {"model": "specializationapp.specialization", "pk": 4, "fields": {"name": "Музыкалық білім беру", "name_ru": "Музыкалық білім беру", "name_en": null, "name_kk": null, "uid": "01140200", "desctiption": "01140200", "desctiption_ru": "01140200", "desctiption_en": "", "desctiption_kk": "", "photo": "specialization/Музыкалық_білім.jpg", "sertification": "", "duration": "4", "subsection": 2}}, {"model": "specializationapp.specialization", "pk": 5, "fields": {"name": "Дене тәрбиесі  және спорт", "name_ru": "Дене тәрбиесі  және спорт", "name_en": null, "name_kk": null, "uid": "01140500", "desctiption": "01140500", "desctiption_ru": "01140500", "desctiption_en": "", "desctiption_kk": "", "photo": "specialization/Дене_тәрбиесі_және_спорт.jpg", "sertification": "", "duration": "4", "subsection": 2}}, {"model": "specializationapp.specialization", "pk": 6, "fields": {"name": "Негізгі орта білім берудегі тіл мен әдебиетті оқытудың педагогикасы мен әдістемесі", "name_ru": "Негізгі орта білім берудегі тіл мен әдебиетті оқытудың педагогикасы мен әдістемесі", "name_en": null, "name_kk": null, "uid": "01140600", "desctiption": "01140600", "desctiption_ru": "01140600", "desctiption_en": "", "desctiption_kk": "", "photo": "specialization/Негізгі_орта_білім_берудегі_тіл_мен_әдебиетті_оқытудың_педагогикасы_мен_ә_RhdPZY9.jpg", "sertification": "", "duration": "4", "subsection": 2}}, {"model": "specializationapp.specialization", "pk": 7, "fields": {"name": "Киім дизайны", "name_ru": "Киім дизайны", "name_en": null, "name_kk": null, "uid": "02120200", "desctiption": "02120200", "desctiption_ru": "02120200", "desctiption_en": "", "desctiption_kk": "", "photo": "specialization/Кийим_дизайы.jpg", "sertification": "", "duration": "4", "subsection": 3}}, {"model": "specializationapp.specialization", "pk": 8, "fields": {"name": "Аударма ісі  (түрлері бойынша)", "name_ru": "Аударма ісі  (түрлері бойынша)", "name_en": null, "name_kk": null, "uid": "02310100", "desctiption": "02310100", "desctiption_ru": "02310100", "desctiption_en": "", "desctiption_kk": "", "photo": "specialization/Аударма_ісі.jpg", "sertification": "", "duration": "4", "subsection": 4}}, {"model": "specializationapp.specialization", "pk": 9, "fields": {"name": "Кітапхана ісі", "name_ru": "Кітапхана ісі", "name_en": null, "name_kk": null, "uid": "03220100", "desctiption": "03220100", "desctiption_ru": "03220100", "desctiption_en": "", "desctiption_kk": "", "photo": "specialization/Кітапхана_ісі.jpg", "sertification": "", "duration": "4", "subsection": 5}}, {"model": "specializationapp.specialization", "pk": 10, "fields": {"name": "Есеп және аудит", "name_ru": "Есеп және аудит", "name_en": null, "name_kk": null, "uid": "04110100", "desctiption": "04110100", "desctiption_ru": "04110100", "desctiption_en": "", "desctiption_kk": "", "photo": "specialization/Есеп_жане_аудит.jpg", "sertification": "", "duration": "4", "subsection": 6}}, {"model": "specializationapp.specialization", "pk": 11, "fields": {"name": "Құқықтану", "name_ru": "Құқықтану", "name_en": null, "name_kk": null, "uid": "0420100", "desctiption": "0420100", "desctiption_ru": "0420100", "desctiption_en": "", "desctiption_kk": "", "photo": "specialization/Құқықтану.jpg", "sertification": "", "duration": "4", "subsection": 7}}, {"model": "specializationapp.specialization", "pk": 12, "fields": {"name": "Есептеу техникасы және ақпараттық желілер  (түрлері бойынша)", "name_ru": "Есептеу техникасы және ақпараттық желілер  (түрлері бойынша)", "name_en": null, "name_kk": null, "uid": "06120100", "desctiption": "06120100", "desctiption_ru": "06120100", "desctiption_en": "", "desctiption_kk": "", "photo": "specialization/БАғдарламалық_қамтамасыз_ету_So7qK44.jpg", "sertification": "", "duration": "4", "subsection": 8}}, {"model": "specializationapp.specialization", "pk": 13, "fields": {"name": "Бағдарламалық қамтамасыз ету (түрлері бойынша)", "name_ru": "Бағдарламалық қамтамасыз ету (түрлері бойынша)", "name_en": null, "name_kk": null, "uid": "06130100", "desctiption": "06130100", "desctiption_ru": "06130100", "desctiption_en": "", "desctiption_kk": "", "photo": "specialization/БАғдарламалық_қамтамасыз_ету.jpg", "sertification": "", "duration": "4", "subsection": 9}}, {"model": "specializationapp.specializationcomment", "pk": 1, "fields": {"text": "хелло", "author": 1, "specialization": 1, "visible": false, "created_at": "2021-04-14T04:49:30.363Z"}}, {"model": "specializationapp.qualification", "pk": 1, "fields": {"name": "Мектепке дейінгі тәрбие мен оқыту ұйымдарының тәрбиешісі", "name_ru": "Мектепке дейінгі тәрбие мен оқыту ұйымдарының тәрбиешісі", "name_en": null, "name_kk": null, "uid": "4S01120102", "specialization": 1}}, {"model": "specializationapp.qualification", "pk": 2, "fields": {"name": "Мектепке дейінгі тәрбие және оқытудың қолданбалы бакалавры", "name_ru": "Мектепке дейінгі тәрбие және оқытудың қолданбалы бакалавры", "name_en": null, "name_kk": null, "uid": "5AB01120101", "specialization": 1}}, {"model": "specializationapp.qualification", "pk": 3, "fields": {"name": "Бастауыш білім беру мұғалімі", "name_ru": "Бастауыш білім беру мұғалімі", "name_en": null, "name_kk": null, "uid": "4S01140101", "specialization": 2}}, {"model": "specializationapp.qualification", "pk": 4, "fields": {"name": "Бастауыш білім берудің  қолданбалы бакалавры", "name_ru": "Бастауыш білім берудің  қолданбалы бакалавры", "name_en": null, "name_kk": null, "uid": "5AB01140101", "specialization": 2}}, {"model": "specializationapp.qualification", "pk": 5, "fields": {"name": "Бастауыш білім берудегі шет тілі мұғалімі", "name_ru": "Бастауыш білім берудегі шет тілі мұғалімі", "name_en": null, "name_kk": null, "uid": "4S01140102", "specialization": 2}}, {"model": "specializationapp.qualification", "pk": 6, "fields": {"name": "Бастауыш және негізгі орта білім берудің информатика мұғалімі", "name_ru": "Бастауыш және негізгі орта білім берудің информатика мұғалімі", "name_en": null, "name_kk": null, "uid": "4S01140701", "specialization": 3}}, {"model": "specializationapp.qualification", "pk": 7, "fields": {"name": "Мектепке дейінгі, бастауыш және негізгі орта білім берудің музыка мұғалімі", "name_ru": "Мектепке дейінгі, бастауыш және негізгі орта білім берудің музыка мұғалімі", "name_en": null, "name_kk": null, "uid": "4S01140201", "specialization": 4}}, {"model": "specializationapp.qualification", "pk": 8, "fields": {"name": "Дене тәрбиесі мұғалімі", "name_ru": "Дене тәрбиесі мұғалімі", "name_en": null, "name_kk": null, "uid": "4S01140501", "specialization": 5}}, {"model": "specializationapp.qualification", "pk": 9, "fields": {"name": "Қазақ тілі мен әдебиеті мұғалімі", "name_ru": "Қазақ тілі мен әдебиеті мұғалімі", "name_en": null, "name_kk": null, "uid": "4S01140601", "specialization": 6}}, {"model": "specializationapp.qualification", "pk": 10, "fields": {"name": "Техникалық және көркемдік эскиздерді орындаушы", "name_ru": "Техникалық және көркемдік эскиздерді орындаушы", "name_en": null, "name_kk": null, "uid": "3W02120201", "specialization": 7}}, {"model": "specializationapp.qualification", "pk": 11, "fields": {"name": "Киім дизайнері", "name_ru": "Киім дизайнері", "name_en": null, "name_kk": null, "uid": "4S02120203", "specialization": 7}}, {"model": "specializationapp.qualification", "pk": 12, "fields": {"name": "Аудармашы", "name_ru": "Аудармашы", "name_en": null, "name_kk": null, "uid": "4S02310101", "specialization": 8}}, {"model": "specializationapp.qualification", "pk": 13, "fields": {"name": "Кітапханашы", "name_ru": "Кітапханашы", "name_en": null, "name_kk": null, "uid": "4S03220101", "specialization": 9}}, {"model": "specializationapp.qualification", "pk": 14, "fields": {"name": "Бухгалтер", "name_ru": "Бухгалтер", "name_en": null, "name_kk": null, "uid": "4S04110102", "specialization": 10}}, {"model": "specializationapp.qualification", "pk": 15, "fields": {"name": "Заңгер", "name_ru": "Заңгер", "name_en": null, "name_kk": null, "uid": "4S04210101", "specialization": 11}}, {"model": "specializationapp.qualification", "pk": 16, "fields": {"name": "Компьютерлік аппараттық қамтамасыз ету операторы", "name_ru": "Компьютерлік аппараттық қамтамасыз ету операторы", "name_en": null, "name_kk": null, "uid": "3W06120101", "specialization": 12}}, {"model": "specializationapp.qualification", "pk": 17, "fields": {"name": "Бағдарламалық қамтамасыздандыруды құрастырушысы", "name_ru": "Бағдарламалық қамтамасыздандыруды құрастырушысы", "name_en": null, "name_kk": null, "uid": "4S06130103", "specialization": 13}}, {"model": "page.pagecategory", "pk": 1, "fields": {"name": "Главная", "name_ru": "Главная", "name_en": "Main", "name_kk": "Бас мәзір", "linkto": "/", "order": 1}}, {"model": "page.pagecategory", "pk": 2, "fields": {"name": "Новости", "name_ru": "Новости", "name_en": "News", "name_kk": "Жаңалықтар", "linkto": "/news/", "order": 2}}, {"model": "page.pagecategory", "pk": 3, "fields": {"name": "О колледже", "name_ru": "О колледже", "name_en": "About college", "name_kk": "Колледж жайлы", "linkto": "/about-us/", "order": 3}}, {"model": "page.pagecategory", "pk": 4, "fields": {"name": "Структура", "name_ru": "Структура", "name_en": "Structure", "name_kk": "Құрылым", "linkto": "/structure/", "order": 5}}, {"model": "page.pagecategory", "pk": 5, "fields": {"name": "Специальности", "name_ru": "Специальности", "name_en": "Specialties", "name_kk": "Мамандықтар", "linkto": "/speciliazation/", "order": 6}}, {"model": "page.pagecategory", "pk": 6, "fields": {"name": "Учебный процесс", "name_ru": "Учебный процесс", "name_en": "Educational process", "name_kk": "Оқу процесі", "linkto": "#", "order": 4}}, {"model": "page.pagecategory", "pk": 7, "fields": {"name": "Абитуриенту", "name_ru": "Абитуриенту", "name_en": "For the entrant", "name_kk": "Талапкерге", "linkto": "#", "order": 7}}, {"model": "page.pagecategory", "pk": 8, "fields": {"name": "Международный отдел", "name_ru": "Международный отдел", "name_en": "International Department", "name_kk": "Халықаралық бөлім", "linkto": "/international/", "order": 8}}, {"model": "page.pagecategory", "pk": 9, "fields": {"name": "Контакты", "name_ru": "Контакты", "name_en": "Contacts", "name_kk": "Байланыс", "linkto": "/contacts/", "order": 9}}, {"model": "page.pagecategory", "pk": 10, "fields": {"name": "COVID-19", "name_ru": "COVID-19", "name_en": "COVID-19", "name_kk": "COVID-19", "linkto": "#", "order": 10}}, {"model": "page.page", "pk": 1, "fields": {"order": 0, "title": "Администрация", "title_ru": "Администрация", "title_en": "Администрация", "title_kk": "Администрация", "url": "empapp:indexG", "slug": "1", "link": null, "category": 3}}, {"model": "page.page", "pk": 2, "fields": {"order": 1, "title": "Преподаватели", "title_ru": "Преподаватели", "title_en": "Преподаватели", "title_kk": "Преподаватели", "url": "empapp:indexT", "slug": "1", "link": null, "category": 3}}, {"model": "page.page", "pk": 3, "fields": {"order": 2, "title": "Галерея", "title_ru": "Галерея", "title_en": "Gallery", "title_kk": "Галерея", "url": "sapp:galleryView", "slug": "1", "link": null, "category": 3}}, {"model": "page.page", "pk": 4, "fields": {"order": 3, "title": "Кодекс чести", "title_ru": "Кодекс чести", "title_en": "Кодекс чести", "title_kk": "Кодекс чести", "url": "sapp:code_of_honor", "slug": "1", "link": null, "category": 3}}, {"model": "page.page", "pk": 7, "fields": {"order": 0, "title": "НОБД", "title_ru": "НОБД", "title_en": "НОБД", "title_kk": "НОБД", "url": "sapp:pageView", "slug": null, "link": "https://nobd.iac.kz/", "category": 6}}, {"model": "page.page", "pk": 8, "fields": {"order": 0, "title": "College snation", "title_ru": "College snation", "title_en": "College snation", "title_kk": "College snation", "url": "sapp:pageView", "slug": null, "link": "https://college.snation.kz/", "category": 6}}, {"model": "page.page", "pk": 9, "fields": {"order": 0, "title": "Zoom", "title_ru": "Zoom", "title_en": "Zoom", "title_kk": "Zoom", "url": "sapp:pageView", "slug": null, "link": "https://zoom.us/", "category": 6}}, {"model": "page.page", "pk": 10, "fields": {"order": 0, "title": "Office 365", "title_ru": "Office 365", "title_en": "Office 365", "title_kk": "Office 365", "url": "sapp:pageView", "slug": null, "link": "https://login.microsoftonline.com/common/oauth2/authorize?client_id=4345a7b9-9a63-4910-a426-35363201d503&redirect_uri=https%3A%2F%2Fwww.office.com%2Flanding&response_type=code%20id_token&scope=openid%20profile&response_mode=form_post&nonce=637553163852250", "category": 6}}, {"model": "page.page", "pk": 13, "fields": {"order": 0, "title": "Расписание", "title_ru": "Расписание", "title_en": "staff", "title_kk": "Кесте", "url": "sapp:pageView", "slug": null, "link": null, "category": 6}}, {"model": "page.page", "pk": 14, "fields": {"order": 0, "title": "COVID-19", "title_ru": "COVID-19", "title_en": "COVID-19", "title_kk": "COVID-19", "url": "sapp:pageView", "slug": null, "link": null, "category": 10}}, {"model": "page.widget", "pk": 4, "fields": {"widgettype": "widgetgallery", "content_type": 24, "object_id": 4, "page": 13, "order": 0, "iic_id": "#4RgtiNuNWRsFz"}}, {"model": "page.widget", "pk": 5, "fields": {"widgettype": "widgetgallery", "content_type": 24, "object_id": 5, "page": 13, "order": 0, "iic_id": "#5EtK1VpncCpG8"}}, {"model": "page.widget", "pk": 6, "fields": {"widgettype": "widgetgallery", "content_type": 24, "object_id": 6, "page": 13, "order": 0, "iic_id": "#6iF4xGcu424Ed"}}, {"model": "page.widget", "pk": 7, "fields": {"widgettype": "widgetgallery", "content_type": 24, "object_id": 7, "page": 13, "order": 0, "iic_id": "#7Q75rFlhXrvEs"}}, {"model": "page.widget", "pk": 8, "fields": {"widgettype": "widgetgallery", "content_type": 24, "object_id": 8, "page": 13, "order": 0, "iic_id": "#8mMAkEXbhIAdz"}}, {"model": "page.widget", "pk": 9, "fields": {"widgettype": "widgetgallery", "content_type": 24, "object_id": 9, "page": 13, "order": 0, "iic_id": "#9nmXZq2XCn6Tm"}}, {"model": "page.widget", "pk": 10, "fields": {"widgettype": "widgetgallery", "content_type": 24, "object_id": 10, "page": 13, "order": 0, "iic_id": "#10fBLy3NHp2Sbt"}}, {"model": "page.widget", "pk": 11, "fields": {"widgettype": "widgetgallery", "content_type": 24, "object_id": 11, "page": 13, "order": 0, "iic_id": "#11FSBrWttay8Pm"}}, {"model": "page.widget", "pk": 12, "fields": {"widgettype": "widgetgallery", "content_type": 24, "object_id": 12, "page": 13, "order": 0, "iic_id": "#12a1zBQgGhZkp7"}}, {"model": "page.widget", "pk": 13, "fields": {"widgettype": "widgetgallery", "content_type": 24, "object_id": 13, "page": 13, "order": 0, "iic_id": "#13wedzNT3EXkmN"}}, {"model": "page.widget", "pk": 14, "fields": {"widgettype": "widgetgallery", "content_type": 24, "object_id": 14, "page": 13, "order": 0, "iic_id": "#14u1NKINbbpWzz"}}, {"model": "page.widget", "pk": 15, "fields": {"widgettype": "widgetgallery", "content_type": 24, "object_id": 15, "page": 13, "order": 0, "iic_id": "#154Lx1UcNiEu9D"}}, {"model": "page.widget", "pk": 16, "fields": {"widgettype": "widgetgallery", "content_type": 24, "object_id": 16, "page": 13, "order": 0, "iic_id": "#16KuhrFaS1T5Ci"}}, {"model": "page.widget", "pk": 17, "fields": {"widgettype": "widgetgallery", "content_type": 24, "object_id": 17, "page": 13, "order": 0, "iic_id": "#17DyI8uYzDG7cd"}}, {"model": "page.widget", "pk": 18, "fields": {"widgettype": "widgetphoto", "content_type": 22, "object_id": 1, "page": 14, "order": 0, "iic_id": "#18JDWDkHQudLXs"}}, {"model": "page.widgetphoto", "pk": 1, "fields": {"title": null, "title_ru": null, "title_en": null, "title_kk": null, "description": "Уважаемые преподаватели, сотрудники, студенты!\r\n\r\nВы можете защитить свое здоровье и жизнь своих близких, следуя этим правилам:\r\n\r\n– не выходите из дома! Строго следуйте требованиям карантина!\r\n\r\nЕсли в крайне необходимо выйти на улицу (для покупки продуктов питания, лекарств, получения медицинской помощи) перед выходом наденьте медицинскую маску, перчатки (медицинские) и одевайтесь соответственно сезону года, одежду с длинными рукавами.\r\n\r\nрегулярно мойте руки с мылом (не менее 20 секунд) или обрабатывайте руки спиртосодержащим антисептиком!\r\nпо возможности не трогайте руками глаза, нос и рот!\r\nсоблюдайте правила респираторной гигиены!\r\nПри кашле и чихании прикрывайте рот и нос салфеткой. Сразу выкидывайте салфетку в контейнер для мусора с крышкой и обрабатывайте руки спиртосодержащим антисептиком или мойте их водой с мылом.\r\n\r\nдважды в день проводите влажную уборку с применением хлорсодержающих или других дезинфицирующих средств!\r\nчасто проветривайте помещение!\r\nпомощью средств связи общайтесь с другими людьми дистанционно!\r\nНе следует ходить в гости и принимать у себя дома друзей. Пользуйтесь услугами доставки продуктов и товара до порога дома.\r\n\r\n– ведите здоровый образ жизни, питайтесь калорийно! Принимайте витамины, укрепляющие иммунитет или употребляйте продукты с их высоким содержанием.\r\n\r\nЕсли Вы заболели, есть признаки ОРВИ, звоните на номер 103!\r\n\r\nЕсли есть вопросы по коронавирусу, звоните по номеру 1406!\r\nОбеспечения санитарно-эпидемиологического режима\r\n1. Общие положения\r\n1.1.Настоящий Регламент обеспечения санитарно-эпидемиологического режима (далее Регламент) разработан в соответствии с приказом Министра здравоохранения Республики Казахстан от 16 августа 2017 года №611 «Об утверждении Санитарных правил» Санитарно-эпидемиологические требования к объектам образования», Постановлением Главного государственного санитарного врача города Шымкент от 6 января 2021 года №1 «О продлении карантина и ограничительных мер на территории города Шымкент», Приказом Министра национальной экономики Республики Казахстан от 20 марта 2015 года №239 «Об утверждении Правил осуществления ограничительных мероприятий, в том числе карантина, на территории Республики Казахстан», Приказом Министра образования и науки Республики Казахстан от 13 августа 2020 года №345 «Об утверждении Методических рекомендаций по осуществлению учебного процесса организациях образования в период ограничительных мер, связанных с распространением коронавирусной инфекции», Приказом Министра образования и науки Республики Казахстан от 28 декабря 2020 года №548 «О внесении изменений в приказ Министра образования и науки Республики Казахстан от 13 августа 2020 года №345 «Об утверждении Методических рекомендаций по осуществлению учебного процесса организациях образования в период ограничительных мер, связанных с распространением коронавирусной инфекции».\r\nПодробную информацию можно посмотреть по этой ссылке\r\nКОРОНАВИРУС: ВСЕ ЧТО НУЖНО ЗНАТЬ О БОЛЕЗНИ\r\nЧТО ТАКОЕ КОРОНАВИРУС?\r\nЭто семейство вирусов, имеющих «пимпочки» на оболочке, напоминающие лепестки короны. На концах пимпочек находятся «фейковые» молекулы, имитирующие протеины, которые имеют важное значение для питания Мембранные рецепторы клеток, захватывают ложный протеин, после чего, вирус проталкивает его внутрь обманутой клетки и впрыскивает свою РНК в цитоплазму.\r\nИменно из-за этой особенности – выглядеть «на ощупь» полезным – коронавирус тяжело распознается иммунной системой. Это же затрудняет и разработку антивирусного препарата.", "description_ru": "Уважаемые преподаватели, сотрудники, студенты!\r\n\r\nВы можете защитить свое здоровье и жизнь своих близких, следуя этим правилам:\r\n\r\n– не выходите из дома! Строго следуйте требованиям карантина!\r\n\r\nЕсли в крайне необходимо выйти на улицу (для покупки продуктов питания, лекарств, получения медицинской помощи) перед выходом наденьте медицинскую маску, перчатки (медицинские) и одевайтесь соответственно сезону года, одежду с длинными рукавами.\r\n\r\nрегулярно мойте руки с мылом (не менее 20 секунд) или обрабатывайте руки спиртосодержащим антисептиком!\r\nпо возможности не трогайте руками глаза, нос и рот!\r\nсоблюдайте правила респираторной гигиены!\r\nПри кашле и чихании прикрывайте рот и нос салфеткой. Сразу выкидывайте салфетку в контейнер для мусора с крышкой и обрабатывайте руки спиртосодержащим антисептиком или мойте их водой с мылом.\r\n\r\nдважды в день проводите влажную уборку с применением хлорсодержающих или других дезинфицирующих средств!\r\nчасто проветривайте помещение!\r\nпомощью средств связи общайтесь с другими людьми дистанционно!\r\nНе следует ходить в гости и принимать у себя дома друзей. Пользуйтесь услугами доставки продуктов и товара до порога дома.\r\n\r\n– ведите здоровый образ жизни, питайтесь калорийно! Принимайте витамины, укрепляющие иммунитет или употребляйте продукты с их высоким содержанием.\r\n\r\nЕсли Вы заболели, есть признаки ОРВИ, звоните на номер 103!\r\n\r\nЕсли есть вопросы по коронавирусу, звоните по номеру 1406!\r\nОбеспечения санитарно-эпидемиологического режима\r\n1. Общие положения\r\n1.1.Настоящий Регламент обеспечения санитарно-эпидемиологического режима (далее Регламент) разработан в соответствии с приказом Министра здравоохранения Республики Казахстан от 16 августа 2017 года №611 «Об утверждении Санитарных правил» Санитарно-эпидемиологические требования к объектам образования», Постановлением Главного государственного санитарного врача города Шымкент от 6 января 2021 года №1 «О продлении карантина и ограничительных мер на территории города Шымкент», Приказом Министра национальной экономики Республики Казахстан от 20 марта 2015 года №239 «Об утверждении Правил осуществления ограничительных мероприятий, в том числе карантина, на территории Республики Казахстан», Приказом Министра образования и науки Республики Казахстан от 13 августа 2020 года №345 «Об утверждении Методических рекомендаций по осуществлению учебного процесса организациях образования в период ограничительных мер, связанных с распространением коронавирусной инфекции», Приказом Министра образования и науки Республики Казахстан от 28 декабря 2020 года №548 «О внесении изменений в приказ Министра образования и науки Республики Казахстан от 13 августа 2020 года №345 «Об утверждении Методических рекомендаций по осуществлению учебного процесса организациях образования в период ограничительных мер, связанных с распространением коронавирусной инфекции».\r\nПодробную информацию можно посмотреть по этой ссылке\r\nКОРОНАВИРУС: ВСЕ ЧТО НУЖНО ЗНАТЬ О БОЛЕЗНИ\r\nЧТО ТАКОЕ КОРОНАВИРУС?\r\nЭто семейство вирусов, имеющих «пимпочки» на оболочке, напоминающие лепестки короны. На концах пимпочек находятся «фейковые» молекулы, имитирующие протеины, которые имеют важное значение для питания Мембранные рецепторы клеток, захватывают ложный протеин, после чего, вирус проталкивает его внутрь обманутой клетки и впрыскивает свою РНК в цитоплазму.\r\nИменно из-за этой особенности – выглядеть «на ощупь» полезным – коронавирус тяжело распознается иммунной системой. Это же затрудняет и разработку антивирусного препарата.", "description_en": "Dear teachers, staff, and students!\r\n\r\nYou can protect your health and the lives of your loved ones by following these rules:\r\n\r\n- don't leave the house! Strictly follow the quarantine requirements!\r\n\r\nIf it is extremely necessary to go outside (to buy food, medicines, get medical care) before going out, wear a medical mask, gloves (medical) and dress according to the season, long-sleeved clothing.\r\n\r\nwash your hands regularly with soap (at least 20 seconds) or treat your hands with an alcohol-based antiseptic!\r\nif possible, do not touch your eyes, nose and mouth with your hands!\r\nobserve the rules of respiratory hygiene!\r\nWhen coughing and sneezing, cover your mouth and nose with a napkin. Immediately throw the napkin in a trash container with a lid and treat your hands with an alcohol-containing antiseptic or wash them with soap and water.\r\n\r\ntwice a day, perform a wet cleaning with the use of chlorine-containing or other disinfectants!\r\nventilate the room frequently!\r\nuse communication tools to communicate with other people remotely!\r\nYou should not go to visit and receive friends at home. Use the services of delivery of products and goods to the doorstep of the house.\r\n\r\n- lead a healthy lifestyle, eat calories! Take vitamins that strengthen the immune system or eat foods with a high content of them.\r\n\r\nIf you are ill, there are signs of SARS, call 103!\r\n\r\nIf you have any questions about the coronavirus, please call 1406!\r\nEnsuring the sanitary and epidemiological regime\r\n1. General provisions\r\n1.1. This Regulation for ensuring the sanitary and epidemiological regime (hereinafter referred to as the Regulation) was developed in accordance with the Order of the Minister of Health of the Republic of Kazakhstan dated August 16, 2017 No. 611 \"On Approval of the Sanitary Rules\" Sanitary and Epidemiological Requirements for Educational Facilities\", the Resolution of the Chief State Sanitary Doctor of the city of Shymkent dated January 6, 2021 No. 1 \" On the extension of quarantine and restrictive measures in the territory of the city of Shymkent», Order of the Minister of National Economy of the Republic of Kazakhstan dated March 20, 2015 No. 239 \"On approval of the Rules for the implementation of restrictive measures, including quarantine, on the territory of the Republic of Kazakhstan\", Order of the Minister of Education and Science of the Republic of Kazakhstan dated August 13, 2020 No. 345 \"On approval of Methodological recommendations for the implementation of the educational process in educational organizations during the period of restrictive measures related to the spread of coronavirus infection», Order of the Minister of Education and Science of the Republic of Kazakhstan dated December 28, 2020 No. 548 \"On Amendments to the Order of the Minister of Education and Science of the Republic of Kazakhstan dated August 13, 2020 No. 345 \"On Approval of Methodological recommendations for the implementation of the educational process in educational organizations during the period of restrictive measures related to the spread of coronavirus infection\".\r\nMore information can be found at this link\r\nCORONAVIRUS: EVERYTHING YOU NEED TO KNOW ABOUT THE DISEASE\r\nWHAT IS CORONAVIRUS?\r\nThis is a family of viruses that have \"pimpochki\" on the shell, resembling the petals of the crown. At the ends of the pimpochek are \"fake\" molecules that mimic proteins that are important for feeding the membrane receptors of cells, capture the false protein, after which, the virus pushes it inside the deceived cell and injects it", "description_kk": "Құрметті оқытушылар, қызметкерлер, студенттер!\r\n\r\nСіз осы ережелерді сақтай отырып, өз денсаулығыңыз бен жақындарыңыздың өмірін қорғай аласыз:\r\n\r\n- үйден шықпаңыз! Карантин талаптарын қатаң сақтаңыз!\r\n\r\nЕгер сыртқа шығу өте қажет болса (тамақ, дәрі-дәрмек сатып алу, медициналық көмек алу үшін), шығар алдында медициналық маска, қолғап (медициналық) киіп, жыл мезгіліне сәйкес, ұзын жеңді киім киіңіз.\r\n\r\nқолыңызды үнемі сабынмен жуыңыз (кем дегенде 20 секунд) немесе қолыңызды алкоголь бар антисептикпен емдеңіз!\r\nмүмкіндігінше көзіңізді, мұрныңызды және аузыңызды ұстамаңыз!\r\nтыныс алу гигиенасы ережелерін сақтаңыз!\r\nЖөтелгенде және түшкіргенде ауызды және мұрынды майлықпен жабыңыз. Дереу майлықты қақпағы бар қоқыс контейнеріне тастаңыз және қолыңызды алкоголь бар антисептикпен өңдеңіз немесе сабынды сумен жуыңыз.\r\n\r\nкүніне екі рет хлор немесе басқа дезинфекциялық құралдармен дымқыл тазалауды жүргізіңіз!\r\nбөлмені жиі желдетіңіз!\r\nбайланыс құралдары арқылы басқа адамдармен қашықтықтан байланысыңыз!\r\nСіз қонаққа бармауыңыз керек және үйде достарыңызды қабылдамауыңыз керек. Азық-түлік пен тауарларды үйдің табалдырығына дейін жеткізу қызметтерін пайдаланыңыз.\r\n\r\n- салауатты өмір салтын ұстаныңыз, жоғары калориялы тамақтаныңыз! Қабылдаңыз витаминдер, иммунитетті нығайтатын немесе жидектерді пайдалану алдында азық-түлік, олардың жоғары мазмұны.\r\n\r\nЕгер сіз ауырып қалсаңыз, ЖРВИ белгілері бар, 103 нөміріне қоңырау шалыңыз!\r\n\r\nЕгер коронавирус туралы сұрақтар туындаса, 1406 нөміріне қоңырау шалыңыз!\r\nСанитарлық-эпидемиологиялық режимді қамтамасыз ету\r\n1. Жалпы ережелер\r\n1.1.Осы санитариялық-эпидемиологиялық режимді қамтамасыз ету регламенті (бұдан әрі-Регламент) \"білім беру объектілеріне қойылатын санитариялық-эпидемиологиялық талаптар\" санитариялық қағидаларын бекіту туралы\" Қазақстан Республикасы Денсаулық сақтау министрінің 2017 жылғы 16 тамыздағы №611 бұйрығына, \"Шымкент қаласының аумағында карантин мен шектеу шараларын ұзарту туралы\" Шымкент қаласының Бас мемлекеттік санитариялық дәрігерінің 2021 жылғы 6 қаңтардағы №1 қаулысына сәйкес әзірленді.», \"Қазақстан Республикасының аумағында шектеу іс-шараларын, оның ішінде карантинді жүзеге асыру қағидаларын бекіту туралы\" Қазақстан Республикасы Ұлттық экономика министрінің 2015 жылғы 20 наурыздағы №239 Бұйрығымен, \"коронавирустық инфекцияның таралуына байланысты шектеу шаралары кезеңінде білім беру ұйымдарында оқу процесін жүзеге асыру жөніндегі әдістемелік ұсынымдарды бекіту туралы\" Қазақстан Республикасы Білім және ғылым министрінің 2020 жылғы 13 тамыздағы №345 бұйрығымен», \"Коронавирустық инфекцияның таралуына байланысты шектеу шаралары кезеңінде білім беру ұйымдарында оқу процесін жүзеге асыру жөніндегі әдістемелік ұсынымдарды бекіту туралы \"Қазақстан Республикасы Білім және ғылым министрінің 2020 жылғы 13 тамыздағы №345 бұйрығына өзгерістер енгізу туралы\"Қазақстан Республикасы Білім және ғылым министрінің 2020 жылғы 28 желтоқсандағы №548 бұйрығымен бекітілген.\r\nТолық ақпаратты мына сілтеме бойынша көруге болады\r\nКОРОНАВИРУС: АУРУ ТУРАЛЫ БІЛУІҢІЗ КЕРЕК БАРЛЫҚ НӘРСЕ\r\nКОРОНАВИРУС ДЕГЕНІМІЗ НЕ?\r\nБұл корона жапырақшаларына ұқсайтын қабықта \"пимпалары\" бар вирустардың отбасы. Пимпочкалардың ұштарында ақуыздарды еліктейтін\" жалған \" молекулалар бар, олар тамақтану үшін қажет мембраналық жасуша рецепторлары, жалған ақуызды ұстап алады, содан кейін вирус оны алданған жасушаның ішіне итеріп, РНҚ-ны цитоплазмаға енгізеді.\r\nДәл осы ерекшелікке байланысты – \"жанасуға\" пайдалы көріну – коронавирусты иммундық жүйе қатты таниды. Бұл вирусқа қарсы препараттың дамуын қиындатады.", "image": "Images/Безымянный.jpg"}}, {"model": "page.widgetgalery", "pk": 1, "fields": {"title": "Расписание"}}, {"model": "page.widgetgalery", "pk": 2, "fields": {"title": ""}}, {"model": "page.widgetgalery", "pk": 3, "fields": {"title": ""}}, {"model": "page.widgetgalery", "pk": 4, "fields": {"title": ""}}, {"model": "page.widgetgalery", "pk": 5, "fields": {"title": ""}}, {"model": "page.widgetgalery", "pk": 6, "fields": {"title": ""}}, {"model": "page.widgetgalery", "pk": 7, "fields": {"title": ""}}, {"model": "page.widgetgalery", "pk": 8, "fields": {"title": ""}}, {"model": "page.widgetgalery", "pk": 9, "fields": {"title": ""}}, {"model": "page.widgetgalery", "pk": 10, "fields": {"title": ""}}, {"model": "page.widgetgalery", "pk": 11, "fields": {"title": ""}}, {"model": "page.widgetgalery", "pk": 12, "fields": {"title": ""}}, {"model": "page.widgetgalery", "pk": 13, "fields": {"title": ""}}, {"model": "page.widgetgalery", "pk": 14, "fields": {"title": ""}}, {"model": "page.widgetgalery", "pk": 15, "fields": {"title": ""}}, {"model": "page.widgetgalery", "pk": 16, "fields": {"title": ""}}, {"model": "page.widgetgalery", "pk": 17, "fields": {"title": ""}}, {"model": "page.widgetgalleryphotos", "pk": 1, "fields": {"image": "Images/расписания-конвертирован.pdf", "widgetGalery": 1}}, {"model": "page.widgetgalleryphotos", "pk": 2, "fields": {"image": "Images/0002.jpg", "widgetGalery": 2}}, {"model": "page.widgetgalleryphotos", "pk": 3, "fields": {"image": "Images/0003.jpg", "widgetGalery": 3}}, {"model": "page.widgetgalleryphotos", "pk": 4, "fields": {"image": "Images/0002_CPWoUhA.jpg", "widgetGalery": 4}}, {"model": "page.widgetgalleryphotos", "pk": 5, "fields": {"image": "Images/0003_7qe2Uow.jpg", "widgetGalery": 5}}, {"model": "page.widgetgalleryphotos", "pk": 6, "fields": {"image": "Images/0004.jpg", "widgetGalery": 6}}, {"model": "page.widgetgalleryphotos", "pk": 7, "fields": {"image": "Images/0005.jpg", "widgetGalery": 7}}, {"model": "page.widgetgalleryphotos", "pk": 8, "fields": {"image": "Images/0006.jpg", "widgetGalery": 8}}, {"model": "page.widgetgalleryphotos", "pk": 9, "fields": {"image": "Images/0007.jpg", "widgetGalery": 9}}, {"model": "page.widgetgalleryphotos", "pk": 10, "fields": {"image": "Images/0008.jpg", "widgetGalery": 10}}, {"model": "page.widgetgalleryphotos", "pk": 11, "fields": {"image": "Images/0009.jpg", "widgetGalery": 11}}, {"model": "page.widgetgalleryphotos", "pk": 12, "fields": {"image": "Images/0010.jpg", "widgetGalery": 12}}, {"model": "page.widgetgalleryphotos", "pk": 13, "fields": {"image": "Images/0011.jpg", "widgetGalery": 13}}, {"model": "page.widgetgalleryphotos", "pk": 14, "fields": {"image": "Images/0012.jpg", "widgetGalery": 14}}, {"model": "page.widgetgalleryphotos", "pk": 15, "fields": {"image": "Images/0013.jpg", "widgetGalery": 15}}, {"model": "page.widgetgalleryphotos", "pk": 16, "fields": {"image": "Images/0014.jpg", "widgetGalery": 16}}, {"model": "page.widgetgalleryphotos", "pk": 17, "fields": {"image": "Images/0015.jpg", "widgetGalery": 17}}]