[{"model": "page.pagecategory", "pk": 1, "fields": {"name": "Главная", "name_ru": "Главная", "name_en": "Main", "name_kk": "Бас мәзір", "linkto": "/", "order": 1}}, {"model": "page.pagecategory", "pk": 2, "fields": {"name": "Новости", "name_ru": "Новости", "name_en": "News", "name_kk": "Жаңалықтар", "linkto": "/news/", "order": 2}}, {"model": "page.pagecategory", "pk": 3, "fields": {"name": "О колледже", "name_ru": "О колледже", "name_en": "About college", "name_kk": "Колледж жайлы", "linkto": "/about-us/", "order": 3}}, {"model": "page.pagecategory", "pk": 4, "fields": {"name": "Структура", "name_ru": "Структура", "name_en": "Structure", "name_kk": "Құрылым", "linkto": "/structure/", "order": 5}}, {"model": "page.pagecategory", "pk": 5, "fields": {"name": "Специальности", "name_ru": "Специальности", "name_en": "Specialties", "name_kk": "Мамандықтар", "linkto": "/speciliazation/", "order": 6}}, {"model": "page.pagecategory", "pk": 6, "fields": {"name": "Учебный процесс", "name_ru": "Учебный процесс", "name_en": "Educational process", "name_kk": "Оқу процесі", "linkto": "#", "order": 4}}, {"model": "page.pagecategory", "pk": 7, "fields": {"name": "Абитуриенту", "name_ru": "Абитуриенту", "name_en": "For the entrant", "name_kk": "Талапкерге", "linkto": "#", "order": 7}}, {"model": "page.pagecategory", "pk": 8, "fields": {"name": "Международный отдел", "name_ru": "Международный отдел", "name_en": "International Department", "name_kk": "Халықаралық бөлім", "linkto": "/international/", "order": 8}}, {"model": "page.pagecategory", "pk": 9, "fields": {"name": "Контакты", "name_ru": "Контакты", "name_en": "Contacts", "name_kk": "Байланыс", "linkto": "/contacts/", "order": 9}}, {"model": "page.pagecategory", "pk": 10, "fields": {"name": "COVID-19", "name_ru": "COVID-19", "name_en": "COVID-19", "name_kk": "COVID-19", "linkto": "#", "order": 10}}, {"model": "page.page", "pk": 1, "fields": {"order": 0, "title": "Администрация", "title_ru": "Администрация", "title_en": "Администрация", "title_kk": "Администрация", "url": "empapp:indexG", "slug": "1", "link": null, "category": 3}}, {"model": "page.page", "pk": 2, "fields": {"order": 1, "title": "Преподаватели", "title_ru": "Преподаватели", "title_en": "Преподаватели", "title_kk": "Преподаватели", "url": "empapp:indexT", "slug": "1", "link": null, "category": 3}}, {"model": "page.page", "pk": 3, "fields": {"order": 2, "title": "Галерея", "title_ru": "Галерея", "title_en": "Gallery", "title_kk": "Галерея", "url": "sapp:galleryView", "slug": "1", "link": null, "category": 3}}, {"model": "page.page", "pk": 4, "fields": {"order": 3, "title": "Кодекс чести", "title_ru": "Кодекс чести", "title_en": "Кодекс чести", "title_kk": "Кодекс чести", "url": "sapp:code_of_honor", "slug": "1", "link": null, "category": 3}}, {"model": "page.page", "pk": 7, "fields": {"order": 0, "title": "НОБД", "title_ru": "НОБД", "title_en": "НОБД", "title_kk": "НОБД", "url": "sapp:pageView", "slug": null, "link": "https://nobd.iac.kz/", "category": 6}}, {"model": "page.page", "pk": 8, "fields": {"order": 0, "title": "College snation", "title_ru": "College snation", "title_en": "College snation", "title_kk": "College snation", "url": "sapp:pageView", "slug": null, "link": "https://college.snation.kz/", "category": 6}}, {"model": "page.page", "pk": 9, "fields": {"order": 0, "title": "Zoom", "title_ru": "Zoom", "title_en": "Zoom", "title_kk": "Zoom", "url": "sapp:pageView", "slug": null, "link": "https://zoom.us/", "category": 6}}, {"model": "page.page", "pk": 10, "fields": {"order": 0, "title": "Office 365", "title_ru": "Office 365", "title_en": "Office 365", "title_kk": "Office 365", "url": "sapp:pageView", "slug": null, "link": "https://login.microsoftonline.com/common/oauth2/authorize?client_id=4345a7b9-9a63-4910-a426-35363201d503&redirect_uri=https%3A%2F%2Fwww.office.com%2Flanding&response_type=code%20id_token&scope=openid%20profile&response_mode=form_post&nonce=637553163852250", "category": 6}}, {"model": "page.page", "pk": 13, "fields": {"order": 0, "title": "Расписание", "title_ru": "Расписание", "title_en": "staff", "title_kk": "Кесте", "url": "sapp:pageView", "slug": null, "link": null, "category": 6}}, {"model": "page.page", "pk": 14, "fields": {"order": 0, "title": "COVID-19", "title_ru": "COVID-19", "title_en": "COVID-19", "title_kk": "COVID-19", "url": "sapp:pageView", "slug": null, "link": null, "category": 10}}, {"model": "page.widget", "pk": 4, "fields": {"widgettype": "widgetgallery", "content_type": 24, "object_id": 4, "page": 13, "order": 0, "iic_id": "#4RgtiNuNWRsFz"}}, {"model": "page.widget", "pk": 5, "fields": {"widgettype": "widgetgallery", "content_type": 24, "object_id": 5, "page": 13, "order": 0, "iic_id": "#5EtK1VpncCpG8"}}, {"model": "page.widget", "pk": 6, "fields": {"widgettype": "widgetgallery", "content_type": 24, "object_id": 6, "page": 13, "order": 0, "iic_id": "#6iF4xGcu424Ed"}}, {"model": "page.widget", "pk": 7, "fields": {"widgettype": "widgetgallery", "content_type": 24, "object_id": 7, "page": 13, "order": 0, "iic_id": "#7Q75rFlhXrvEs"}}, {"model": "page.widget", "pk": 8, "fields": {"widgettype": "widgetgallery", "content_type": 24, "object_id": 8, "page": 13, "order": 0, "iic_id": "#8mMAkEXbhIAdz"}}, {"model": "page.widget", "pk": 9, "fields": {"widgettype": "widgetgallery", "content_type": 24, "object_id": 9, "page": 13, "order": 0, "iic_id": "#9nmXZq2XCn6Tm"}}, {"model": "page.widget", "pk": 10, "fields": {"widgettype": "widgetgallery", "content_type": 24, "object_id": 10, "page": 13, "order": 0, "iic_id": "#10fBLy3NHp2Sbt"}}, {"model": "page.widget", "pk": 11, "fields": {"widgettype": "widgetgallery", "content_type": 24, "object_id": 11, "page": 13, "order": 0, "iic_id": "#11FSBrWttay8Pm"}}, {"model": "page.widget", "pk": 12, "fields": {"widgettype": "widgetgallery", "content_type": 24, "object_id": 12, "page": 13, "order": 0, "iic_id": "#12a1zBQgGhZkp7"}}, {"model": "page.widget", "pk": 13, "fields": {"widgettype": "widgetgallery", "content_type": 24, "object_id": 13, "page": 13, "order": 0, "iic_id": "#13wedzNT3EXkmN"}}, {"model": "page.widget", "pk": 14, "fields": {"widgettype": "widgetgallery", "content_type": 24, "object_id": 14, "page": 13, "order": 0, "iic_id": "#14u1NKINbbpWzz"}}, {"model": "page.widget", "pk": 15, "fields": {"widgettype": "widgetgallery", "content_type": 24, "object_id": 15, "page": 13, "order": 0, "iic_id": "#154Lx1UcNiEu9D"}}, {"model": "page.widget", "pk": 16, "fields": {"widgettype": "widgetgallery", "content_type": 24, "object_id": 16, "page": 13, "order": 0, "iic_id": "#16KuhrFaS1T5Ci"}}, {"model": "page.widget", "pk": 17, "fields": {"widgettype": "widgetgallery", "content_type": 24, "object_id": 17, "page": 13, "order": 0, "iic_id": "#17DyI8uYzDG7cd"}}, {"model": "page.widget", "pk": 18, "fields": {"widgettype": "widgetphoto", "content_type": 22, "object_id": 1, "page": 14, "order": 0, "iic_id": "#18JDWDkHQudLXs"}}, {"model": "page.widgetphoto", "pk": 1, "fields": {"title": null, "title_ru": null, "title_en": null, "title_kk": null, "description": "Уважаемые преподаватели, сотрудники, студенты!\r\n\r\nВы можете защитить свое здоровье и жизнь своих близких, следуя этим правилам:\r\n\r\n– не выходите из дома! Строго следуйте требованиям карантина!\r\n\r\nЕсли в крайне необходимо выйти на улицу (для покупки продуктов питания, лекарств, получения медицинской помощи) перед выходом наденьте медицинскую маску, перчатки (медицинские) и одевайтесь соответственно сезону года, одежду с длинными рукавами.\r\n\r\nрегулярно мойте руки с мылом (не менее 20 секунд) или обрабатывайте руки спиртосодержащим антисептиком!\r\nпо возможности не трогайте руками глаза, нос и рот!\r\nсоблюдайте правила респираторной гигиены!\r\nПри кашле и чихании прикрывайте рот и нос салфеткой. Сразу выкидывайте салфетку в контейнер для мусора с крышкой и обрабатывайте руки спиртосодержащим антисептиком или мойте их водой с мылом.\r\n\r\nдважды в день проводите влажную уборку с применением хлорсодержающих или других дезинфицирующих средств!\r\nчасто проветривайте помещение!\r\nпомощью средств связи общайтесь с другими людьми дистанционно!\r\nНе следует ходить в гости и принимать у себя дома друзей. Пользуйтесь услугами доставки продуктов и товара до порога дома.\r\n\r\n– ведите здоровый образ жизни, питайтесь калорийно! Принимайте витамины, укрепляющие иммунитет или употребляйте продукты с их высоким содержанием.\r\n\r\nЕсли Вы заболели, есть признаки ОРВИ, звоните на номер 103!\r\n\r\nЕсли есть вопросы по коронавирусу, звоните по номеру 1406!\r\nОбеспечения санитарно-эпидемиологического режима\r\n1. Общие положения\r\n1.1.Настоящий Регламент обеспечения санитарно-эпидемиологического режима (далее Регламент) разработан в соответствии с приказом Министра здравоохранения Республики Казахстан от 16 августа 2017 года №611 «Об утверждении Санитарных правил» Санитарно-эпидемиологические требования к объектам образования», Постановлением Главного государственного санитарного врача города Шымкент от 6 января 2021 года №1 «О продлении карантина и ограничительных мер на территории города Шымкент», Приказом Министра национальной экономики Республики Казахстан от 20 марта 2015 года №239 «Об утверждении Правил осуществления ограничительных мероприятий, в том числе карантина, на территории Республики Казахстан», Приказом Министра образования и науки Республики Казахстан от 13 августа 2020 года №345 «Об утверждении Методических рекомендаций по осуществлению учебного процесса организациях образования в период ограничительных мер, связанных с распространением коронавирусной инфекции», Приказом Министра образования и науки Республики Казахстан от 28 декабря 2020 года №548 «О внесении изменений в приказ Министра образования и науки Республики Казахстан от 13 августа 2020 года №345 «Об утверждении Методических рекомендаций по осуществлению учебного процесса организациях образования в период ограничительных мер, связанных с распространением коронавирусной инфекции».\r\nПодробную информацию можно посмотреть по этой ссылке\r\nКОРОНАВИРУС: ВСЕ ЧТО НУЖНО ЗНАТЬ О БОЛЕЗНИ\r\nЧТО ТАКОЕ КОРОНАВИРУС?\r\nЭто семейство вирусов, имеющих «пимпочки» на оболочке, напоминающие лепестки короны. На концах пимпочек находятся «фейковые» молекулы, имитирующие протеины, которые имеют важное значение для питания Мембранные рецепторы клеток, захватывают ложный протеин, после чего, вирус проталкивает его внутрь обманутой клетки и впрыскивает свою РНК в цитоплазму.\r\nИменно из-за этой особенности – выглядеть «на ощупь» полезным – коронавирус тяжело распознается иммунной системой. Это же затрудняет и разработку антивирусного препарата.", "description_ru": "Уважаемые преподаватели, сотрудники, студенты!\r\n\r\nВы можете защитить свое здоровье и жизнь своих близких, следуя этим правилам:\r\n\r\n– не выходите из дома! Строго следуйте требованиям карантина!\r\n\r\nЕсли в крайне необходимо выйти на улицу (для покупки продуктов питания, лекарств, получения медицинской помощи) перед выходом наденьте медицинскую маску, перчатки (медицинские) и одевайтесь соответственно сезону года, одежду с длинными рукавами.\r\n\r\nрегулярно мойте руки с мылом (не менее 20 секунд) или обрабатывайте руки спиртосодержащим антисептиком!\r\nпо возможности не трогайте руками глаза, нос и рот!\r\nсоблюдайте правила респираторной гигиены!\r\nПри кашле и чихании прикрывайте рот и нос салфеткой. Сразу выкидывайте салфетку в контейнер для мусора с крышкой и обрабатывайте руки спиртосодержащим антисептиком или мойте их водой с мылом.\r\n\r\nдважды в день проводите влажную уборку с применением хлорсодержающих или других дезинфицирующих средств!\r\nчасто проветривайте помещение!\r\nпомощью средств связи общайтесь с другими людьми дистанционно!\r\nНе следует ходить в гости и принимать у себя дома друзей. Пользуйтесь услугами доставки продуктов и товара до порога дома.\r\n\r\n– ведите здоровый образ жизни, питайтесь калорийно! Принимайте витамины, укрепляющие иммунитет или употребляйте продукты с их высоким содержанием.\r\n\r\nЕсли Вы заболели, есть признаки ОРВИ, звоните на номер 103!\r\n\r\nЕсли есть вопросы по коронавирусу, звоните по номеру 1406!\r\nОбеспечения санитарно-эпидемиологического режима\r\n1. Общие положения\r\n1.1.Настоящий Регламент обеспечения санитарно-эпидемиологического режима (далее Регламент) разработан в соответствии с приказом Министра здравоохранения Республики Казахстан от 16 августа 2017 года №611 «Об утверждении Санитарных правил» Санитарно-эпидемиологические требования к объектам образования», Постановлением Главного государственного санитарного врача города Шымкент от 6 января 2021 года №1 «О продлении карантина и ограничительных мер на территории города Шымкент», Приказом Министра национальной экономики Республики Казахстан от 20 марта 2015 года №239 «Об утверждении Правил осуществления ограничительных мероприятий, в том числе карантина, на территории Республики Казахстан», Приказом Министра образования и науки Республики Казахстан от 13 августа 2020 года №345 «Об утверждении Методических рекомендаций по осуществлению учебного процесса организациях образования в период ограничительных мер, связанных с распространением коронавирусной инфекции», Приказом Министра образования и науки Республики Казахстан от 28 декабря 2020 года №548 «О внесении изменений в приказ Министра образования и науки Республики Казахстан от 13 августа 2020 года №345 «Об утверждении Методических рекомендаций по осуществлению учебного процесса организациях образования в период ограничительных мер, связанных с распространением коронавирусной инфекции».\r\nПодробную информацию можно посмотреть по этой ссылке\r\nКОРОНАВИРУС: ВСЕ ЧТО НУЖНО ЗНАТЬ О БОЛЕЗНИ\r\nЧТО ТАКОЕ КОРОНАВИРУС?\r\nЭто семейство вирусов, имеющих «пимпочки» на оболочке, напоминающие лепестки короны. На концах пимпочек находятся «фейковые» молекулы, имитирующие протеины, которые имеют важное значение для питания Мембранные рецепторы клеток, захватывают ложный протеин, после чего, вирус проталкивает его внутрь обманутой клетки и впрыскивает свою РНК в цитоплазму.\r\nИменно из-за этой особенности – выглядеть «на ощупь» полезным – коронавирус тяжело распознается иммунной системой. Это же затрудняет и разработку антивирусного препарата.", "description_en": "Dear teachers, staff, and students!\r\n\r\nYou can protect your health and the lives of your loved ones by following these rules:\r\n\r\n- don't leave the house! Strictly follow the quarantine requirements!\r\n\r\nIf it is extremely necessary to go outside (to buy food, medicines, get medical care) before going out, wear a medical mask, gloves (medical) and dress according to the season, long-sleeved clothing.\r\n\r\nwash your hands regularly with soap (at least 20 seconds) or treat your hands with an alcohol-based antiseptic!\r\nif possible, do not touch your eyes, nose and mouth with your hands!\r\nobserve the rules of respiratory hygiene!\r\nWhen coughing and sneezing, cover your mouth and nose with a napkin. Immediately throw the napkin in a trash container with a lid and treat your hands with an alcohol-containing antiseptic or wash them with soap and water.\r\n\r\ntwice a day, perform a wet cleaning with the use of chlorine-containing or other disinfectants!\r\nventilate the room frequently!\r\nuse communication tools to communicate with other people remotely!\r\nYou should not go to visit and receive friends at home. Use the services of delivery of products and goods to the doorstep of the house.\r\n\r\n- lead a healthy lifestyle, eat calories! Take vitamins that strengthen the immune system or eat foods with a high content of them.\r\n\r\nIf you are ill, there are signs of SARS, call 103!\r\n\r\nIf you have any questions about the coronavirus, please call 1406!\r\nEnsuring the sanitary and epidemiological regime\r\n1. General provisions\r\n1.1. This Regulation for ensuring the sanitary and epidemiological regime (hereinafter referred to as the Regulation) was developed in accordance with the Order of the Minister of Health of the Republic of Kazakhstan dated August 16, 2017 No. 611 \"On Approval of the Sanitary Rules\" Sanitary and Epidemiological Requirements for Educational Facilities\", the Resolution of the Chief State Sanitary Doctor of the city of Shymkent dated January 6, 2021 No. 1 \" On the extension of quarantine and restrictive measures in the territory of the city of Shymkent», Order of the Minister of National Economy of the Republic of Kazakhstan dated March 20, 2015 No. 239 \"On approval of the Rules for the implementation of restrictive measures, including quarantine, on the territory of the Republic of Kazakhstan\", Order of the Minister of Education and Science of the Republic of Kazakhstan dated August 13, 2020 No. 345 \"On approval of Methodological recommendations for the implementation of the educational process in educational organizations during the period of restrictive measures related to the spread of coronavirus infection», Order of the Minister of Education and Science of the Republic of Kazakhstan dated December 28, 2020 No. 548 \"On Amendments to the Order of the Minister of Education and Science of the Republic of Kazakhstan dated August 13, 2020 No. 345 \"On Approval of Methodological recommendations for the implementation of the educational process in educational organizations during the period of restrictive measures related to the spread of coronavirus infection\".\r\nMore information can be found at this link\r\nCORONAVIRUS: EVERYTHING YOU NEED TO KNOW ABOUT THE DISEASE\r\nWHAT IS CORONAVIRUS?\r\nThis is a family of viruses that have \"pimpochki\" on the shell, resembling the petals of the crown. At the ends of the pimpochek are \"fake\" molecules that mimic proteins that are important for feeding the membrane receptors of cells, capture the false protein, after which, the virus pushes it inside the deceived cell and injects it", "description_kk": "Құрметті оқытушылар, қызметкерлер, студенттер!\r\n\r\nСіз осы ережелерді сақтай отырып, өз денсаулығыңыз бен жақындарыңыздың өмірін қорғай аласыз:\r\n\r\n- үйден шықпаңыз! Карантин талаптарын қатаң сақтаңыз!\r\n\r\nЕгер сыртқа шығу өте қажет болса (тамақ, дәрі-дәрмек сатып алу, медициналық көмек алу үшін), шығар алдында медициналық маска, қолғап (медициналық) киіп, жыл мезгіліне сәйкес, ұзын жеңді киім киіңіз.\r\n\r\nқолыңызды үнемі сабынмен жуыңыз (кем дегенде 20 секунд) немесе қолыңызды алкоголь бар антисептикпен емдеңіз!\r\nмүмкіндігінше көзіңізді, мұрныңызды және аузыңызды ұстамаңыз!\r\nтыныс алу гигиенасы ережелерін сақтаңыз!\r\nЖөтелгенде және түшкіргенде ауызды және мұрынды майлықпен жабыңыз. Дереу майлықты қақпағы бар қоқыс контейнеріне тастаңыз және қолыңызды алкоголь бар антисептикпен өңдеңіз немесе сабынды сумен жуыңыз.\r\n\r\nкүніне екі рет хлор немесе басқа дезинфекциялық құралдармен дымқыл тазалауды жүргізіңіз!\r\nбөлмені жиі желдетіңіз!\r\nбайланыс құралдары арқылы басқа адамдармен қашықтықтан байланысыңыз!\r\nСіз қонаққа бармауыңыз керек және үйде достарыңызды қабылдамауыңыз керек. Азық-түлік пен тауарларды үйдің табалдырығына дейін жеткізу қызметтерін пайдаланыңыз.\r\n\r\n- салауатты өмір салтын ұстаныңыз, жоғары калориялы тамақтаныңыз! Қабылдаңыз витаминдер, иммунитетті нығайтатын немесе жидектерді пайдалану алдында азық-түлік, олардың жоғары мазмұны.\r\n\r\nЕгер сіз ауырып қалсаңыз, ЖРВИ белгілері бар, 103 нөміріне қоңырау шалыңыз!\r\n\r\nЕгер коронавирус туралы сұрақтар туындаса, 1406 нөміріне қоңырау шалыңыз!\r\nСанитарлық-эпидемиологиялық режимді қамтамасыз ету\r\n1. Жалпы ережелер\r\n1.1.Осы санитариялық-эпидемиологиялық режимді қамтамасыз ету регламенті (бұдан әрі-Регламент) \"білім беру объектілеріне қойылатын санитариялық-эпидемиологиялық талаптар\" санитариялық қағидаларын бекіту туралы\" Қазақстан Республикасы Денсаулық сақтау министрінің 2017 жылғы 16 тамыздағы №611 бұйрығына, \"Шымкент қаласының аумағында карантин мен шектеу шараларын ұзарту туралы\" Шымкент қаласының Бас мемлекеттік санитариялық дәрігерінің 2021 жылғы 6 қаңтардағы №1 қаулысына сәйкес әзірленді.», \"Қазақстан Республикасының аумағында шектеу іс-шараларын, оның ішінде карантинді жүзеге асыру қағидаларын бекіту туралы\" Қазақстан Республикасы Ұлттық экономика министрінің 2015 жылғы 20 наурыздағы №239 Бұйрығымен, \"коронавирустық инфекцияның таралуына байланысты шектеу шаралары кезеңінде білім беру ұйымдарында оқу процесін жүзеге асыру жөніндегі әдістемелік ұсынымдарды бекіту туралы\" Қазақстан Республикасы Білім және ғылым министрінің 2020 жылғы 13 тамыздағы №345 бұйрығымен», \"Коронавирустық инфекцияның таралуына байланысты шектеу шаралары кезеңінде білім беру ұйымдарында оқу процесін жүзеге асыру жөніндегі әдістемелік ұсынымдарды бекіту туралы \"Қазақстан Республикасы Білім және ғылым министрінің 2020 жылғы 13 тамыздағы №345 бұйрығына өзгерістер енгізу туралы\"Қазақстан Республикасы Білім және ғылым министрінің 2020 жылғы 28 желтоқсандағы №548 бұйрығымен бекітілген.\r\nТолық ақпаратты мына сілтеме бойынша көруге болады\r\nКОРОНАВИРУС: АУРУ ТУРАЛЫ БІЛУІҢІЗ КЕРЕК БАРЛЫҚ НӘРСЕ\r\nКОРОНАВИРУС ДЕГЕНІМІЗ НЕ?\r\nБұл корона жапырақшаларына ұқсайтын қабықта \"пимпалары\" бар вирустардың отбасы. Пимпочкалардың ұштарында ақуыздарды еліктейтін\" жалған \" молекулалар бар, олар тамақтану үшін қажет мембраналық жасуша рецепторлары, жалған ақуызды ұстап алады, содан кейін вирус оны алданған жасушаның ішіне итеріп, РНҚ-ны цитоплазмаға енгізеді.\r\nДәл осы ерекшелікке байланысты – \"жанасуға\" пайдалы көріну – коронавирусты иммундық жүйе қатты таниды. Бұл вирусқа қарсы препараттың дамуын қиындатады.", "image": "Images/Безымянный.jpg"}}, {"model": "page.widgetgalery", "pk": 1, "fields": {"title": "Расписание"}}, {"model": "page.widgetgalery", "pk": 2, "fields": {"title": ""}}, {"model": "page.widgetgalery", "pk": 3, "fields": {"title": ""}}, {"model": "page.widgetgalery", "pk": 4, "fields": {"title": ""}}, {"model": "page.widgetgalery", "pk": 5, "fields": {"title": ""}}, {"model": "page.widgetgalery", "pk": 6, "fields": {"title": ""}}, {"model": "page.widgetgalery", "pk": 7, "fields": {"title": ""}}, {"model": "page.widgetgalery", "pk": 8, "fields": {"title": ""}}, {"model": "page.widgetgalery", "pk": 9, "fields": {"title": ""}}, {"model": "page.widgetgalery", "pk": 10, "fields": {"title": ""}}, {"model": "page.widgetgalery", "pk": 11, "fields": {"title": ""}}, {"model": "page.widgetgalery", "pk": 12, "fields": {"title": ""}}, {"model": "page.widgetgalery", "pk": 13, "fields": {"title": ""}}, {"model": "page.widgetgalery", "pk": 14, "fields": {"title": ""}}, {"model": "page.widgetgalery", "pk": 15, "fields": {"title": ""}}, {"model": "page.widgetgalery", "pk": 16, "fields": {"title": ""}}, {"model": "page.widgetgalery", "pk": 17, "fields": {"title": ""}}, {"model": "page.widgetgalleryphotos", "pk": 1, "fields": {"image": "Images/расписания-конвертирован.pdf", "widgetGalery": 1}}, {"model": "page.widgetgalleryphotos", "pk": 2, "fields": {"image": "Images/0002.jpg", "widgetGalery": 2}}, {"model": "page.widgetgalleryphotos", "pk": 3, "fields": {"image": "Images/0003.jpg", "widgetGalery": 3}}, {"model": "page.widgetgalleryphotos", "pk": 4, "fields": {"image": "Images/0002_CPWoUhA.jpg", "widgetGalery": 4}}, {"model": "page.widgetgalleryphotos", "pk": 5, "fields": {"image": "Images/0003_7qe2Uow.jpg", "widgetGalery": 5}}, {"model": "page.widgetgalleryphotos", "pk": 6, "fields": {"image": "Images/0004.jpg", "widgetGalery": 6}}, {"model": "page.widgetgalleryphotos", "pk": 7, "fields": {"image": "Images/0005.jpg", "widgetGalery": 7}}, {"model": "page.widgetgalleryphotos", "pk": 8, "fields": {"image": "Images/0006.jpg", "widgetGalery": 8}}, {"model": "page.widgetgalleryphotos", "pk": 9, "fields": {"image": "Images/0007.jpg", "widgetGalery": 9}}, {"model": "page.widgetgalleryphotos", "pk": 10, "fields": {"image": "Images/0008.jpg", "widgetGalery": 10}}, {"model": "page.widgetgalleryphotos", "pk": 11, "fields": {"image": "Images/0009.jpg", "widgetGalery": 11}}, {"model": "page.widgetgalleryphotos", "pk": 12, "fields": {"image": "Images/0010.jpg", "widgetGalery": 12}}, {"model": "page.widgetgalleryphotos", "pk": 13, "fields": {"image": "Images/0011.jpg", "widgetGalery": 13}}, {"model": "page.widgetgalleryphotos", "pk": 14, "fields": {"image": "Images/0012.jpg", "widgetGalery": 14}}, {"model": "page.widgetgalleryphotos", "pk": 15, "fields": {"image": "Images/0013.jpg", "widgetGalery": 15}}, {"model": "page.widgetgalleryphotos", "pk": 16, "fields": {"image": "Images/0014.jpg", "widgetGalery": 16}}, {"model": "page.widgetgalleryphotos", "pk": 17, "fields": {"image": "Images/0015.jpg", "widgetGalery": 17}}]