[{"model": "specializationapp.section", "pk": 1, "fields": {"name": "Білім", "name_ru": "Білім", "name_en": null, "name_kk": null, "uid": "01"}}, {"model": "specializationapp.section", "pk": 2, "fields": {"name": "Өнер және гуманитарлық ғылымдар", "name_ru": "Өнер және гуманитарлық ғылымдар", "name_en": null, "name_kk": null, "uid": "02"}}, {"model": "specializationapp.section", "pk": 3, "fields": {"name": "Әлеуметтік ғылымдар және ақпарат", "name_ru": "Әлеуметтік ғылымдар және ақпарат", "name_en": null, "name_kk": null, "uid": "03"}}, {"model": "specializationapp.section", "pk": 4, "fields": {"name": "Кәсіпкерлік, басқару және құқық", "name_ru": "Кәсіпкерлік, басқару және құқық", "name_en": null, "name_kk": null, "uid": "04"}}, {"model": "specializationapp.section", "pk": 5, "fields": {"name": "Информационно-коммуникационные технологии", "name_ru": "Информационно-коммуникационные технологии", "name_en": null, "name_kk": null, "uid": "06"}}, {"model": "specializationapp.subsection", "pk": 1, "fields": {"name": "Мектепке дейінгі мекемелерге тәрбиешілерді даярлау", "name_ru": "Мектепке дейінгі мекемелерге тәрбиешілерді даярлау", "name_en": null, "name_kk": null, "uid": "0112", "section": 1}}, {"model": "specializationapp.subsection", "pk": 2, "fields": {"name": "Пәндік мамандандырылған мұғалімдерін даярлау", "name_ru": "Пәндік мамандандырылған мұғалімдерін даярлау", "name_en": null, "name_kk": null, "uid": "0114", "section": 1}}, {"model": "specializationapp.subsection", "pk": 3, "fields": {"name": "Сән, интерьер дизайны және өнеркәсіптік дизайны", "name_ru": "Сән, интерьер дизайны және өнеркәсіптік дизайны", "name_en": null, "name_kk": null, "uid": "0212", "section": 2}}, {"model": "specializationapp.subsection", "pk": 4, "fields": {"name": "Тілдерді оқу", "name_ru": "Тілдерді оқу", "name_en": null, "name_kk": null, "uid": "0231", "section": 2}}, {"model": "specializationapp.subsection", "pk": 5, "fields": {"name": "Кітапханалық іс, ақпаратты өндеу және мұрағаттану", "name_ru": "Кітапханалық іс, ақпаратты өндеу және мұрағаттану", "name_en": null, "name_kk": null, "uid": "0322", "section": 3}}, {"model": "specializationapp.subsection", "pk": 6, "fields": {"name": "Бухгалтерлік іс және салық салу", "name_ru": "Бухгалтерлік іс және салық салу", "name_en": null, "name_kk": null, "uid": "0411", "section": 4}}, {"model": "specializationapp.subsection", "pk": 7, "fields": {"name": "Құқық", "name_ru": "Құқық", "name_en": null, "name_kk": null, "uid": "0421", "section": 5}}, {"model": "specializationapp.subsection", "pk": 8, "fields": {"name": "Создание баз данных и информационных сетей и их администрирование", "name_ru": "Создание баз данных и информационных сетей и их администрирование", "name_en": null, "name_kk": null, "uid": "0612", "section": 5}}, {"model": "specializationapp.subsection", "pk": 9, "fields": {"name": "Разработка и анализ программного обеспечения", "name_ru": "Разработка и анализ программного обеспечения", "name_en": null, "name_kk": null, "uid": "0613", "section": 5}}, {"model": "specializationapp.specialization", "pk": 1, "fields": {"name": "Мектепке дейінгі тәрбие және оқыту", "name_ru": "Мектепке дейінгі тәрбие және оқыту", "name_en": null, "name_kk": null, "uid": "01120100", "desctiption": "01120100", "desctiption_ru": "01120100", "desctiption_en": null, "desctiption_kk": null, "photo": "", "sertification": "", "duration": "4", "subsection": 1}}, {"model": "specializationapp.specialization", "pk": 2, "fields": {"name": "Бастауыш білім беру педагогикасы мен әдістемесі", "name_ru": "Бастауыш білім беру педагогикасы мен әдістемесі", "name_en": null, "name_kk": null, "uid": "01140100", "desctiption": "01140100", "desctiption_ru": "01140100", "desctiption_en": null, "desctiption_kk": null, "photo": "", "sertification": "", "duration": "4", "subsection": 2}}, {"model": "specializationapp.specialization", "pk": 3, "fields": {"name": "Информатика", "name_ru": "Информатика", "name_en": null, "name_kk": null, "uid": "01140700", "desctiption": "01140700", "desctiption_ru": "01140700", "desctiption_en": null, "desctiption_kk": null, "photo": "", "sertification": "", "duration": "4", "subsection": 2}}, {"model": "specializationapp.specialization", "pk": 4, "fields": {"name": "Музыкалық білім беру", "name_ru": "Музыкалық білім беру", "name_en": null, "name_kk": null, "uid": "01140200", "desctiption": "01140200", "desctiption_ru": "01140200", "desctiption_en": null, "desctiption_kk": null, "photo": "", "sertification": "", "duration": "4", "subsection": 2}}, {"model": "specializationapp.specialization", "pk": 5, "fields": {"name": "Дене тәрбиесі  және спорт", "name_ru": "Дене тәрбиесі  және спорт", "name_en": null, "name_kk": null, "uid": "01140500", "desctiption": "01140500", "desctiption_ru": "01140500", "desctiption_en": null, "desctiption_kk": null, "photo": "", "sertification": "", "duration": "4", "subsection": 2}}, {"model": "specializationapp.specialization", "pk": 6, "fields": {"name": "Негізгі орта білім берудегі тіл мен әдебиетті оқытудың педагогикасы мен әдістемесі", "name_ru": "Негізгі орта білім берудегі тіл мен әдебиетті оқытудың педагогикасы мен әдістемесі", "name_en": null, "name_kk": null, "uid": "01140600", "desctiption": "01140600", "desctiption_ru": "01140600", "desctiption_en": null, "desctiption_kk": null, "photo": "", "sertification": "", "duration": "4", "subsection": 2}}, {"model": "specializationapp.specialization", "pk": 7, "fields": {"name": "Киім дизайны", "name_ru": "Киім дизайны", "name_en": null, "name_kk": null, "uid": "02120200", "desctiption": "02120200", "desctiption_ru": "02120200", "desctiption_en": null, "desctiption_kk": null, "photo": "", "sertification": "", "duration": "4", "subsection": 3}}, {"model": "specializationapp.specialization", "pk": 8, "fields": {"name": "Аударма ісі  (түрлері бойынша)", "name_ru": "Аударма ісі  (түрлері бойынша)", "name_en": null, "name_kk": null, "uid": "02310100", "desctiption": "02310100", "desctiption_ru": "02310100", "desctiption_en": null, "desctiption_kk": null, "photo": "", "sertification": "", "duration": "4", "subsection": 4}}, {"model": "specializationapp.specialization", "pk": 9, "fields": {"name": "Кітапхана ісі", "name_ru": "Кітапхана ісі", "name_en": null, "name_kk": null, "uid": "03220100", "desctiption": "03220100", "desctiption_ru": "03220100", "desctiption_en": null, "desctiption_kk": null, "photo": "", "sertification": "", "duration": "4", "subsection": 5}}, {"model": "specializationapp.specialization", "pk": 10, "fields": {"name": "Есеп және аудит", "name_ru": "Есеп және аудит", "name_en": null, "name_kk": null, "uid": "04110100", "desctiption": "04110100", "desctiption_ru": "04110100", "desctiption_en": null, "desctiption_kk": null, "photo": "", "sertification": "", "duration": "4", "subsection": 6}}, {"model": "specializationapp.specialization", "pk": 11, "fields": {"name": "Құқықтану", "name_ru": "Құқықтану", "name_en": null, "name_kk": null, "uid": "0420100", "desctiption": "0420100", "desctiption_ru": "0420100", "desctiption_en": null, "desctiption_kk": null, "photo": "", "sertification": "", "duration": "4", "subsection": 7}}, {"model": "specializationapp.specialization", "pk": 12, "fields": {"name": "Есептеу техникасы және ақпараттық желілер  (түрлері бойынша)", "name_ru": "Есептеу техникасы және ақпараттық желілер  (түрлері бойынша)", "name_en": null, "name_kk": null, "uid": "06120100", "desctiption": "06120100", "desctiption_ru": "06120100", "desctiption_en": null, "desctiption_kk": null, "photo": "", "sertification": "", "duration": "4", "subsection": 8}}, {"model": "specializationapp.specialization", "pk": 13, "fields": {"name": "Бағдарламалық қамтамасыз ету (түрлері бойынша)", "name_ru": "Бағдарламалық қамтамасыз ету (түрлері бойынша)", "name_en": null, "name_kk": null, "uid": "06130100", "desctiption": "06130100", "desctiption_ru": "06130100", "desctiption_en": null, "desctiption_kk": null, "photo": "", "sertification": "", "duration": "4", "subsection": 9}}, {"model": "specializationapp.qualification", "pk": 1, "fields": {"name": "Мектепке дейінгі тәрбие мен оқыту ұйымдарының тәрбиешісі", "name_ru": "Мектепке дейінгі тәрбие мен оқыту ұйымдарының тәрбиешісі", "name_en": null, "name_kk": null, "uid": "4S01120102", "specialization": 1}}, {"model": "specializationapp.qualification", "pk": 2, "fields": {"name": "Мектепке дейінгі тәрбие және оқытудың қолданбалы бакалавры", "name_ru": "Мектепке дейінгі тәрбие және оқытудың қолданбалы бакалавры", "name_en": null, "name_kk": null, "uid": "5AB01120101", "specialization": 1}}, {"model": "specializationapp.qualification", "pk": 3, "fields": {"name": "Бастауыш білім беру мұғалімі", "name_ru": "Бастауыш білім беру мұғалімі", "name_en": null, "name_kk": null, "uid": "4S01140101", "specialization": 2}}, {"model": "specializationapp.qualification", "pk": 4, "fields": {"name": "Бастауыш білім берудің  қолданбалы бакалавры", "name_ru": "Бастауыш білім берудің  қолданбалы бакалавры", "name_en": null, "name_kk": null, "uid": "5AB01140101", "specialization": 2}}, {"model": "specializationapp.qualification", "pk": 5, "fields": {"name": "Бастауыш білім берудегі шет тілі мұғалімі", "name_ru": "Бастауыш білім берудегі шет тілі мұғалімі", "name_en": null, "name_kk": null, "uid": "4S01140102", "specialization": 2}}, {"model": "specializationapp.qualification", "pk": 6, "fields": {"name": "Бастауыш және негізгі орта білім берудің информатика мұғалімі", "name_ru": "Бастауыш және негізгі орта білім берудің информатика мұғалімі", "name_en": null, "name_kk": null, "uid": "4S01140701", "specialization": 3}}, {"model": "specializationapp.qualification", "pk": 7, "fields": {"name": "Мектепке дейінгі, бастауыш және негізгі орта білім берудің музыка мұғалімі", "name_ru": "Мектепке дейінгі, бастауыш және негізгі орта білім берудің музыка мұғалімі", "name_en": null, "name_kk": null, "uid": "4S01140201", "specialization": 4}}, {"model": "specializationapp.qualification", "pk": 8, "fields": {"name": "Дене тәрбиесі мұғалімі", "name_ru": "Дене тәрбиесі мұғалімі", "name_en": null, "name_kk": null, "uid": "4S01140501", "specialization": 5}}, {"model": "specializationapp.qualification", "pk": 9, "fields": {"name": "Қазақ тілі мен әдебиеті мұғалімі", "name_ru": "Қазақ тілі мен әдебиеті мұғалімі", "name_en": null, "name_kk": null, "uid": "4S01140601", "specialization": 6}}, {"model": "specializationapp.qualification", "pk": 10, "fields": {"name": "Техникалық және көркемдік эскиздерді орындаушы", "name_ru": "Техникалық және көркемдік эскиздерді орындаушы", "name_en": null, "name_kk": null, "uid": "3W02120201", "specialization": 7}}, {"model": "specializationapp.qualification", "pk": 11, "fields": {"name": "Киім дизайнері", "name_ru": "Киім дизайнері", "name_en": null, "name_kk": null, "uid": "4S02120203", "specialization": 7}}, {"model": "specializationapp.qualification", "pk": 12, "fields": {"name": "Аудармашы", "name_ru": "Аудармашы", "name_en": null, "name_kk": null, "uid": "4S02310101", "specialization": 8}}, {"model": "specializationapp.qualification", "pk": 13, "fields": {"name": "Кітапханашы", "name_ru": "Кітапханашы", "name_en": null, "name_kk": null, "uid": "4S03220101", "specialization": 9}}, {"model": "specializationapp.qualification", "pk": 14, "fields": {"name": "Бухгалтер", "name_ru": "Бухгалтер", "name_en": null, "name_kk": null, "uid": "4S04110102", "specialization": 10}}, {"model": "specializationapp.qualification", "pk": 15, "fields": {"name": "Заңгер", "name_ru": "Заңгер", "name_en": null, "name_kk": null, "uid": "4S04210101", "specialization": 11}}, {"model": "specializationapp.qualification", "pk": 16, "fields": {"name": "Компьютерлік аппараттық қамтамасыз ету операторы", "name_ru": "Компьютерлік аппараттық қамтамасыз ету операторы", "name_en": null, "name_kk": null, "uid": "3W06120101", "specialization": 12}}, {"model": "specializationapp.qualification", "pk": 17, "fields": {"name": "Бағдарламалық қамтамасыздандыруды құрастырушысы", "name_ru": "Бағдарламалық қамтамасыздандыруды құрастырушысы", "name_en": null, "name_kk": null, "uid": "4S06130103", "specialization": 13}}]